Code,Libellé,Année,Âge,Nom de la colonne,Valeur
01,Ain,2020,15-26,Nb de pers. non scolarisées de 15 ans ou + 2020,480283
01,Ain,2021,15-26,Part des élèves du privé parmi les élèves du second degré 2021,16.8
01,Ain,2020,15-26,Part des diplômés d'un BAC+5 ou plus dans la pop. non scolarisée de 15 ans ou + 2020,9.4
01,Ain,2020,15-26,Part des diplômés d'un BAC+3  ou BAC+4 dans la pop. non scolarisée de 15 ans ou + 2020,9
01,Ain,2020,15-26,Part des diplômés d'un BAC+2 dans la pop. non scolarisée de 15 ans ou + 2020,12.1
01,Ain,2020,15-26,"Part des pers., dont le diplôme le plus élevé est le bac, dans la pop. non scolarisée de 15 ans ou + 2020",17.8
01,Ain,2020,15-26,"Part des pers., dont le diplôme le plus élevé est un CAP ou un BEP, dans la pop. non scolarisée de 15 ans ou + 2020",26.9
01,Ain,Âge,15-26,Âge,15-26
02,Aisne,2020,15-26,Nb de pers. non scolarisées de 15 ans ou + 2020,394221
02,Aisne,2021,15-26,Part des élèves du privé parmi les élèves du second degré 2021,14.0
02,Aisne,2020,15-26,Part des diplômés d'un BAC+5 ou plus dans la pop. non scolarisée de 15 ans ou + 2020,4.3
02,Aisne,2020,15-26,Part des diplômés d'un BAC+3  ou BAC+4 dans la pop. non scolarisée de 15 ans ou + 2020,6.2
02,Aisne,2020,15-26,Part des diplômés d'un BAC+2 dans la pop. non scolarisée de 15 ans ou + 2020,9.3
02,Aisne,2020,15-26,"Part des pers., dont le diplôme le plus élevé est le bac, dans la pop. non scolarisée de 15 ans ou + 2020",16.5
02,Aisne,2020,15-26,"Part des pers., dont le diplôme le plus élevé est un CAP ou un BEP, dans la pop. non scolarisée de 15 ans ou + 2020",28.9
02,Aisne,Âge,15-26,Âge,15-26
03,Allier,2020,15-26,Nb de pers. non scolarisées de 15 ans ou + 2020,263472
03,Allier,2021,15-26,Part des élèves du privé parmi les élèves du second degré 2021,12.2
03,Allier,2020,15-26,Part des diplômés d'un BAC+5 ou plus dans la pop. non scolarisée de 15 ans ou + 2020,5.1
03,Allier,2020,15-26,Part des diplômés d'un BAC+3  ou BAC+4 dans la pop. non scolarisée de 15 ans ou + 2020,6.7
03,Allier,2020,15-26,Part des diplômés d'un BAC+2 dans la pop. non scolarisée de 15 ans ou + 2020,9.8
03,Allier,2020,15-26,"Part des pers., dont le diplôme le plus élevé est le bac, dans la pop. non scolarisée de 15 ans ou + 2020",17.3
03,Allier,2020,15-26,"Part des pers., dont le diplôme le plus élevé est un CAP ou un BEP, dans la pop. non scolarisée de 15 ans ou + 2020",30.2
03,Allier,Âge,15-26,Âge,15-26
04,Alpes-de-Haute-Provence,2020,15-26,Nb de pers. non scolarisées de 15 ans ou + 2020,129106
04,Alpes-de-Haute-Provence,2021,15-26,Part des élèves du privé parmi les élèves du second degré 2021,7.2
04,Alpes-de-Haute-Provence,2020,15-26,Part des diplômés d'un BAC+5 ou plus dans la pop. non scolarisée de 15 ans ou + 2020,7.9
04,Alpes-de-Haute-Provence,2020,15-26,Part des diplômés d'un BAC+3  ou BAC+4 dans la pop. non scolarisée de 15 ans ou + 2020,9.1
04,Alpes-de-Haute-Provence,2020,15-26,Part des diplômés d'un BAC+2 dans la pop. non scolarisée de 15 ans ou + 2020,11.3
04,Alpes-de-Haute-Provence,2020,15-26,"Part des pers., dont le diplôme le plus élevé est le bac, dans la pop. non scolarisée de 15 ans ou + 2020",18.7
04,Alpes-de-Haute-Provence,2020,15-26,"Part des pers., dont le diplôme le plus élevé est un CAP ou un BEP, dans la pop. non scolarisée de 15 ans ou + 2020",27.2
04,Alpes-de-Haute-Provence,Âge,15-26,Âge,15-26
05,Hautes-Alpes,2020,15-26,Nb de pers. non scolarisées de 15 ans ou + 2020,109699
05,Hautes-Alpes,2021,15-26,Part des élèves du privé parmi les élèves du second degré 2021,9.4
05,Hautes-Alpes,2020,15-26,Part des diplômés d'un BAC+5 ou plus dans la pop. non scolarisée de 15 ans ou + 2020,8.2
05,Hautes-Alpes,2020,15-26,Part des diplômés d'un BAC+3  ou BAC+4 dans la pop. non scolarisée de 15 ans ou + 2020,10.5
05,Hautes-Alpes,2020,15-26,Part des diplômés d'un BAC+2 dans la pop. non scolarisée de 15 ans ou + 2020,12.7
05,Hautes-Alpes,2020,15-26,"Part des pers., dont le diplôme le plus élevé est le bac, dans la pop. non scolarisée de 15 ans ou + 2020",19.8
05,Hautes-Alpes,2020,15-26,"Part des pers., dont le diplôme le plus élevé est un CAP ou un BEP, dans la pop. non scolarisée de 15 ans ou + 2020",26.1
05,Hautes-Alpes,Âge,15-26,Âge,15-26
06,Alpes-Maritimes,2020,15-26,Nb de pers. non scolarisées de 15 ans ou + 2020,835761
06,Alpes-Maritimes,2021,15-26,Part des élèves du privé parmi les élèves du second degré 2021,17.6
06,Alpes-Maritimes,2020,15-26,Part des diplômés d'un BAC+5 ou plus dans la pop. non scolarisée de 15 ans ou + 2020,12.6
06,Alpes-Maritimes,2020,15-26,Part des diplômés d'un BAC+3  ou BAC+4 dans la pop. non scolarisée de 15 ans ou + 2020,10.3
06,Alpes-Maritimes,2020,15-26,Part des diplômés d'un BAC+2 dans la pop. non scolarisée de 15 ans ou + 2020,10.7
06,Alpes-Maritimes,2020,15-26,"Part des pers., dont le diplôme le plus élevé est le bac, dans la pop. non scolarisée de 15 ans ou + 2020",18.2
06,Alpes-Maritimes,2020,15-26,"Part des pers., dont le diplôme le plus élevé est un CAP ou un BEP, dans la pop. non scolarisée de 15 ans ou + 2020",21.5
06,Alpes-Maritimes,Âge,15-26,Âge,15-26
07,Ardèche,2020,15-26,Nb de pers. non scolarisées de 15 ans ou + 2020,255356
07,Ardèche,2021,15-26,Part des élèves du privé parmi les élèves du second degré 2021,35.4
07,Ardèche,2020,15-26,Part des diplômés d'un BAC+5 ou plus dans la pop. non scolarisée de 15 ans ou + 2020,6.2
07,Ardèche,2020,15-26,Part des diplômés d'un BAC+3  ou BAC+4 dans la pop. non scolarisée de 15 ans ou + 2020,8.7
07,Ardèche,2020,15-26,Part des diplômés d'un BAC+2 dans la pop. non scolarisée de 15 ans ou + 2020,11.5
07,Ardèche,2020,15-26,"Part des pers., dont le diplôme le plus élevé est le bac, dans la pop. non scolarisée de 15 ans ou + 2020",18
07,Ardèche,2020,15-26,"Part des pers., dont le diplôme le plus élevé est un CAP ou un BEP, dans la pop. non scolarisée de 15 ans ou + 2020",27.7
07,Ardèche,Âge,15-26,Âge,15-26
08,Ardennes,2020,15-26,Nb de pers. non scolarisées de 15 ans ou + 2020,205443
08,Ardennes,2021,15-26,Part des élèves du privé parmi les élèves du second degré 2021,13.9
08,Ardennes,2020,15-26,Part des diplômés d'un BAC+5 ou plus dans la pop. non scolarisée de 15 ans ou + 2020,4.2
08,Ardennes,2020,15-26,Part des diplômés d'un BAC+3  ou BAC+4 dans la pop. non scolarisée de 15 ans ou + 2020,6.6
08,Ardennes,2020,15-26,Part des diplômés d'un BAC+2 dans la pop. non scolarisée de 15 ans ou + 2020,9.6
08,Ardennes,2020,15-26,"Part des pers., dont le diplôme le plus élevé est le bac, dans la pop. non scolarisée de 15 ans ou + 2020",16.5
08,Ardennes,2020,15-26,"Part des pers., dont le diplôme le plus élevé est un CAP ou un BEP, dans la pop. non scolarisée de 15 ans ou + 2020",29.3
08,Ardennes,Âge,15-26,Âge,15-26
09,Ariège,2020,15-26,Nb de pers. non scolarisées de 15 ans ou + 2020,121305
09,Ariège,2021,15-26,Part des élèves du privé parmi les élèves du second degré 2021,12.2
09,Ariège,2020,15-26,Part des diplômés d'un BAC+5 ou plus dans la pop. non scolarisée de 15 ans ou + 2020,6.2
09,Ariège,2020,15-26,Part des diplômés d'un BAC+3  ou BAC+4 dans la pop. non scolarisée de 15 ans ou + 2020,8.5
09,Ariège,2020,15-26,Part des diplômés d'un BAC+2 dans la pop. non scolarisée de 15 ans ou + 2020,10.6
09,Ariège,2020,15-26,"Part des pers., dont le diplôme le plus élevé est le bac, dans la pop. non scolarisée de 15 ans ou + 2020",19.7
09,Ariège,2020,15-26,"Part des pers., dont le diplôme le plus élevé est un CAP ou un BEP, dans la pop. non scolarisée de 15 ans ou + 2020",27.1
09,Ariège,Âge,15-26,Âge,15-26
10,Aube,2020,15-26,Nb de pers. non scolarisées de 15 ans ou + 2020,230265
10,Aube,2021,15-26,Part des élèves du privé parmi les élèves du second degré 2021,18.9
10,Aube,2020,15-26,Part des diplômés d'un BAC+5 ou plus dans la pop. non scolarisée de 15 ans ou + 2020,5.7
10,Aube,2020,15-26,Part des diplômés d'un BAC+3  ou BAC+4 dans la pop. non scolarisée de 15 ans ou + 2020,7
10,Aube,2020,15-26,Part des diplômés d'un BAC+2 dans la pop. non scolarisée de 15 ans ou + 2020,9.9
10,Aube,2020,15-26,"Part des pers., dont le diplôme le plus élevé est le bac, dans la pop. non scolarisée de 15 ans ou + 2020",16.1
10,Aube,2020,15-26,"Part des pers., dont le diplôme le plus élevé est un CAP ou un BEP, dans la pop. non scolarisée de 15 ans ou + 2020",28.4
10,Aube,Âge,15-26,Âge,15-26
11,Aude,2020,15-26,Nb de pers. non scolarisées de 15 ans ou + 2020,292412
11,Aude,2021,15-26,Part des élèves du privé parmi les élèves du second degré 2021,13.0
11,Aude,2020,15-26,Part des diplômés d'un BAC+5 ou plus dans la pop. non scolarisée de 15 ans ou + 2020,6.4
11,Aude,2020,15-26,Part des diplômés d'un BAC+3  ou BAC+4 dans la pop. non scolarisée de 15 ans ou + 2020,8.5
11,Aude,2020,15-26,Part des diplômés d'un BAC+2 dans la pop. non scolarisée de 15 ans ou + 2020,10.3
11,Aude,2020,15-26,"Part des pers., dont le diplôme le plus élevé est le bac, dans la pop. non scolarisée de 15 ans ou + 2020",19.8
11,Aude,2020,15-26,"Part des pers., dont le diplôme le plus élevé est un CAP ou un BEP, dans la pop. non scolarisée de 15 ans ou + 2020",26
11,Aude,Âge,15-26,Âge,15-26
12,Aveyron,2020,15-26,Nb de pers. non scolarisées de 15 ans ou + 2020,219881
12,Aveyron,2021,15-26,Part des élèves du privé parmi les élèves du second degré 2021,35.9
12,Aveyron,2020,15-26,Part des diplômés d'un BAC+5 ou plus dans la pop. non scolarisée de 15 ans ou + 2020,5.9
12,Aveyron,2020,15-26,Part des diplômés d'un BAC+3  ou BAC+4 dans la pop. non scolarisée de 15 ans ou + 2020,8.5
12,Aveyron,2020,15-26,Part des diplômés d'un BAC+2 dans la pop. non scolarisée de 15 ans ou + 2020,11.8
12,Aveyron,2020,15-26,"Part des pers., dont le diplôme le plus élevé est le bac, dans la pop. non scolarisée de 15 ans ou + 2020",18.8
12,Aveyron,2020,15-26,"Part des pers., dont le diplôme le plus élevé est un CAP ou un BEP, dans la pop. non scolarisée de 15 ans ou + 2020",27
12,Aveyron,Âge,15-26,Âge,15-26
13,Bouches-du-Rhône,2020,15-26,Nb de pers. non scolarisées de 15 ans ou + 2020,1499817
13,Bouches-du-Rhône,2021,15-26,Part des élèves du privé parmi les élèves du second degré 2021,23.3
13,Bouches-du-Rhône,2020,15-26,Part des diplômés d'un BAC+5 ou plus dans la pop. non scolarisée de 15 ans ou + 2020,12.9
13,Bouches-du-Rhône,2020,15-26,Part des diplômés d'un BAC+3  ou BAC+4 dans la pop. non scolarisée de 15 ans ou + 2020,10
13,Bouches-du-Rhône,2020,15-26,Part des diplômés d'un BAC+2 dans la pop. non scolarisée de 15 ans ou + 2020,11.3
13,Bouches-du-Rhône,2020,15-26,"Part des pers., dont le diplôme le plus élevé est le bac, dans la pop. non scolarisée de 15 ans ou + 2020",17.5
13,Bouches-du-Rhône,2020,15-26,"Part des pers., dont le diplôme le plus élevé est un CAP ou un BEP, dans la pop. non scolarisée de 15 ans ou + 2020",21.4
13,Bouches-du-Rhône,Âge,15-26,Âge,15-26
14,Calvados,2020,15-26,Nb de pers. non scolarisées de 15 ans ou + 2020,512000
14,Calvados,2021,15-26,Part des élèves du privé parmi les élèves du second degré 2021,23.6
14,Calvados,2020,15-26,Part des diplômés d'un BAC+5 ou plus dans la pop. non scolarisée de 15 ans ou + 2020,8.6
14,Calvados,2020,15-26,Part des diplômés d'un BAC+3  ou BAC+4 dans la pop. non scolarisée de 15 ans ou + 2020,8.9
14,Calvados,2020,15-26,Part des diplômés d'un BAC+2 dans la pop. non scolarisée de 15 ans ou + 2020,10.7
14,Calvados,2020,15-26,"Part des pers., dont le diplôme le plus élevé est le bac, dans la pop. non scolarisée de 15 ans ou + 2020",16.7
14,Calvados,2020,15-26,"Part des pers., dont le diplôme le plus élevé est un CAP ou un BEP, dans la pop. non scolarisée de 15 ans ou + 2020",27.2
14,Calvados,Âge,15-26,Âge,15-26
15,Cantal,2020,15-26,Nb de pers. non scolarisées de 15 ans ou + 2020,116335
15,Cantal,2021,15-26,Part des élèves du privé parmi les élèves du second degré 2021,13.8
15,Cantal,2020,15-26,Part des diplômés d'un BAC+5 ou plus dans la pop. non scolarisée de 15 ans ou + 2020,4.7
15,Cantal,2020,15-26,Part des diplômés d'un BAC+3  ou BAC+4 dans la pop. non scolarisée de 15 ans ou + 2020,7
15,Cantal,2020,15-26,Part des diplômés d'un BAC+2 dans la pop. non scolarisée de 15 ans ou + 2020,9.7
15,Cantal,2020,15-26,"Part des pers., dont le diplôme le plus élevé est le bac, dans la pop. non scolarisée de 15 ans ou + 2020",18.9
15,Cantal,2020,15-26,"Part des pers., dont le diplôme le plus élevé est un CAP ou un BEP, dans la pop. non scolarisée de 15 ans ou + 2020",28.2
15,Cantal,Âge,15-26,Âge,15-26
16,Charente,2020,15-26,Nb de pers. non scolarisées de 15 ans ou + 2020,274810
16,Charente,2021,15-26,Part des élèves du privé parmi les élèves du second degré 2021,16.1
16,Charente,2020,15-26,Part des diplômés d'un BAC+5 ou plus dans la pop. non scolarisée de 15 ans ou + 2020,6
16,Charente,2020,15-26,Part des diplômés d'un BAC+3  ou BAC+4 dans la pop. non scolarisée de 15 ans ou + 2020,7.6
16,Charente,2020,15-26,Part des diplômés d'un BAC+2 dans la pop. non scolarisée de 15 ans ou + 2020,9.9
16,Charente,2020,15-26,"Part des pers., dont le diplôme le plus élevé est le bac, dans la pop. non scolarisée de 15 ans ou + 2020",18.1
16,Charente,2020,15-26,"Part des pers., dont le diplôme le plus élevé est un CAP ou un BEP, dans la pop. non scolarisée de 15 ans ou + 2020",30.1
16,Charente,Âge,15-26,Âge,15-26
17,Charente-Maritime,2020,15-26,Nb de pers. non scolarisées de 15 ans ou + 2020,515498
17,Charente-Maritime,2021,15-26,Part des élèves du privé parmi les élèves du second degré 2021,10.0
17,Charente-Maritime,2020,15-26,Part des diplômés d'un BAC+5 ou plus dans la pop. non scolarisée de 15 ans ou + 2020,6.9
17,Charente-Maritime,2020,15-26,Part des diplômés d'un BAC+3  ou BAC+4 dans la pop. non scolarisée de 15 ans ou + 2020,8.1
17,Charente-Maritime,2020,15-26,Part des diplômés d'un BAC+2 dans la pop. non scolarisée de 15 ans ou + 2020,10.6
17,Charente-Maritime,2020,15-26,"Part des pers., dont le diplôme le plus élevé est le bac, dans la pop. non scolarisée de 15 ans ou + 2020",18
17,Charente-Maritime,2020,15-26,"Part des pers., dont le diplôme le plus élevé est un CAP ou un BEP, dans la pop. non scolarisée de 15 ans ou + 2020",29.4
17,Charente-Maritime,Âge,15-26,Âge,15-26
18,Cher,2020,15-26,Nb de pers. non scolarisées de 15 ans ou + 2020,234889
18,Cher,2021,15-26,Part des élèves du privé parmi les élèves du second degré 2021,10.5
18,Cher,2020,15-26,Part des diplômés d'un BAC+5 ou plus dans la pop. non scolarisée de 15 ans ou + 2020,5.6
18,Cher,2020,15-26,Part des diplômés d'un BAC+3  ou BAC+4 dans la pop. non scolarisée de 15 ans ou + 2020,6.9
18,Cher,2020,15-26,Part des diplômés d'un BAC+2 dans la pop. non scolarisée de 15 ans ou + 2020,10.4
18,Cher,2020,15-26,"Part des pers., dont le diplôme le plus élevé est le bac, dans la pop. non scolarisée de 15 ans ou + 2020",16.9
18,Cher,2020,15-26,"Part des pers., dont le diplôme le plus élevé est un CAP ou un BEP, dans la pop. non scolarisée de 15 ans ou + 2020",30.8
18,Cher,Âge,15-26,Âge,15-26
19,Corrèze,2020,15-26,Nb de pers. non scolarisées de 15 ans ou + 2020,189147
19,Corrèze,2021,15-26,Part des élèves du privé parmi les élèves du second degré 2021,17.9
19,Corrèze,2020,15-26,Part des diplômés d'un BAC+5 ou plus dans la pop. non scolarisée de 15 ans ou + 2020,5.8
19,Corrèze,2020,15-26,Part des diplômés d'un BAC+3  ou BAC+4 dans la pop. non scolarisée de 15 ans ou + 2020,8.1
19,Corrèze,2020,15-26,Part des diplômés d'un BAC+2 dans la pop. non scolarisée de 15 ans ou + 2020,10.7
19,Corrèze,2020,15-26,"Part des pers., dont le diplôme le plus élevé est le bac, dans la pop. non scolarisée de 15 ans ou + 2020",19
19,Corrèze,2020,15-26,"Part des pers., dont le diplôme le plus élevé est un CAP ou un BEP, dans la pop. non scolarisée de 15 ans ou + 2020",28.6
19,Corrèze,Âge,15-26,Âge,15-26
21,Côte-d'Or,2020,15-26,Nb de pers. non scolarisées de 15 ans ou + 2020,392155
21,Côte-d'Or,2021,15-26,Part des élèves du privé parmi les élèves du second degré 2021,20.5
21,Côte-d'Or,2020,15-26,Part des diplômés d'un BAC+5 ou plus dans la pop. non scolarisée de 15 ans ou + 2020,9.8
21,Côte-d'Or,2020,15-26,Part des diplômés d'un BAC+3  ou BAC+4 dans la pop. non scolarisée de 15 ans ou + 2020,9.4
21,Côte-d'Or,2020,15-26,Part des diplômés d'un BAC+2 dans la pop. non scolarisée de 15 ans ou + 2020,11.9
21,Côte-d'Or,2020,15-26,"Part des pers., dont le diplôme le plus élevé est le bac, dans la pop. non scolarisée de 15 ans ou + 2020",17.6
21,Côte-d'Or,2020,15-26,"Part des pers., dont le diplôme le plus élevé est un CAP ou un BEP, dans la pop. non scolarisée de 15 ans ou + 2020",26.1
21,Côte-d'Or,Âge,15-26,Âge,15-26
22,Côtes-d'Armor,2020,15-26,Nb de pers. non scolarisées de 15 ans ou + 2020,462554
22,Côtes-d'Armor,2021,15-26,Part des élèves du privé parmi les élèves du second degré 2021,34.4
22,Côtes-d'Armor,2020,15-26,Part des diplômés d'un BAC+5 ou plus dans la pop. non scolarisée de 15 ans ou + 2020,6.7
22,Côtes-d'Armor,2020,15-26,Part des diplômés d'un BAC+3  ou BAC+4 dans la pop. non scolarisée de 15 ans ou + 2020,8.7
22,Côtes-d'Armor,2020,15-26,Part des diplômés d'un BAC+2 dans la pop. non scolarisée de 15 ans ou + 2020,11.7
22,Côtes-d'Armor,2020,15-26,"Part des pers., dont le diplôme le plus élevé est le bac, dans la pop. non scolarisée de 15 ans ou + 2020",18.8
22,Côtes-d'Armor,2020,15-26,"Part des pers., dont le diplôme le plus élevé est un CAP ou un BEP, dans la pop. non scolarisée de 15 ans ou + 2020",28.5
22,Côtes-d'Armor,Âge,15-26,Âge,15-26
23,Creuse,2020,15-26,Nb de pers. non scolarisées de 15 ans ou + 2020,94516
23,Creuse,2021,15-26,Part des élèves du privé parmi les élèves du second degré 2021,0.0
23,Creuse,2020,15-26,Part des diplômés d'un BAC+5 ou plus dans la pop. non scolarisée de 15 ans ou + 2020,4.7
23,Creuse,2020,15-26,Part des diplômés d'un BAC+3  ou BAC+4 dans la pop. non scolarisée de 15 ans ou + 2020,6.9
23,Creuse,2020,15-26,Part des diplômés d'un BAC+2 dans la pop. non scolarisée de 15 ans ou + 2020,9.2
23,Creuse,2020,15-26,"Part des pers., dont le diplôme le plus élevé est le bac, dans la pop. non scolarisée de 15 ans ou + 2020",17.7
23,Creuse,2020,15-26,"Part des pers., dont le diplôme le plus élevé est un CAP ou un BEP, dans la pop. non scolarisée de 15 ans ou + 2020",30.6
23,Creuse,Âge,15-26,Âge,15-26
24,Dordogne,2020,15-26,Nb de pers. non scolarisées de 15 ans ou + 2020,331094
24,Dordogne,2021,15-26,Part des élèves du privé parmi les élèves du second degré 2021,13.3
24,Dordogne,2020,15-26,Part des diplômés d'un BAC+5 ou plus dans la pop. non scolarisée de 15 ans ou + 2020,5.5
24,Dordogne,2020,15-26,Part des diplômés d'un BAC+3  ou BAC+4 dans la pop. non scolarisée de 15 ans ou + 2020,7.6
24,Dordogne,2020,15-26,Part des diplômés d'un BAC+2 dans la pop. non scolarisée de 15 ans ou + 2020,9.8
24,Dordogne,2020,15-26,"Part des pers., dont le diplôme le plus élevé est le bac, dans la pop. non scolarisée de 15 ans ou + 2020",17.9
24,Dordogne,2020,15-26,"Part des pers., dont le diplôme le plus élevé est un CAP ou un BEP, dans la pop. non scolarisée de 15 ans ou + 2020",29
24,Dordogne,Âge,15-26,Âge,15-26
25,Doubs,2020,15-26,Nb de pers. non scolarisées de 15 ans ou + 2020,394291
25,Doubs,2021,15-26,Part des élèves du privé parmi les élèves du second degré 2021,16.3
25,Doubs,2020,15-26,Part des diplômés d'un BAC+5 ou plus dans la pop. non scolarisée de 15 ans ou + 2020,8.1
25,Doubs,2020,15-26,Part des diplômés d'un BAC+3  ou BAC+4 dans la pop. non scolarisée de 15 ans ou + 2020,9.2
25,Doubs,2020,15-26,Part des diplômés d'un BAC+2 dans la pop. non scolarisée de 15 ans ou + 2020,11.9
25,Doubs,2020,15-26,"Part des pers., dont le diplôme le plus élevé est le bac, dans la pop. non scolarisée de 15 ans ou + 2020",17.2
25,Doubs,2020,15-26,"Part des pers., dont le diplôme le plus élevé est un CAP ou un BEP, dans la pop. non scolarisée de 15 ans ou + 2020",26.9
25,Doubs,Âge,15-26,Âge,15-26
26,Drôme,2020,15-26,Nb de pers. non scolarisées de 15 ans ou + 2020,388165
26,Drôme,2021,15-26,Part des élèves du privé parmi les élèves du second degré 2021,24.3
26,Drôme,2020,15-26,Part des diplômés d'un BAC+5 ou plus dans la pop. non scolarisée de 15 ans ou + 2020,8.2
26,Drôme,2020,15-26,Part des diplômés d'un BAC+3  ou BAC+4 dans la pop. non scolarisée de 15 ans ou + 2020,9.2
26,Drôme,2020,15-26,Part des diplômés d'un BAC+2 dans la pop. non scolarisée de 15 ans ou + 2020,12.3
26,Drôme,2020,15-26,"Part des pers., dont le diplôme le plus élevé est le bac, dans la pop. non scolarisée de 15 ans ou + 2020",17.9
26,Drôme,2020,15-26,"Part des pers., dont le diplôme le plus élevé est un CAP ou un BEP, dans la pop. non scolarisée de 15 ans ou + 2020",25.6
26,Drôme,Âge,15-26,Âge,15-26
27,Eure,2020,15-26,Nb de pers. non scolarisées de 15 ans ou + 2020,441847
27,Eure,2021,15-26,Part des élèves du privé parmi les élèves du second degré 2021,12.0
27,Eure,2020,15-26,Part des diplômés d'un BAC+5 ou plus dans la pop. non scolarisée de 15 ans ou + 2020,6.1
27,Eure,2020,15-26,Part des diplômés d'un BAC+3  ou BAC+4 dans la pop. non scolarisée de 15 ans ou + 2020,6.9
27,Eure,2020,15-26,Part des diplômés d'un BAC+2 dans la pop. non scolarisée de 15 ans ou + 2020,10.7
27,Eure,2020,15-26,"Part des pers., dont le diplôme le plus élevé est le bac, dans la pop. non scolarisée de 15 ans ou + 2020",17.5
27,Eure,2020,15-26,"Part des pers., dont le diplôme le plus élevé est un CAP ou un BEP, dans la pop. non scolarisée de 15 ans ou + 2020",28.8
27,Eure,Âge,15-26,Âge,15-26
28,Eure-et-Loir,2020,15-26,Nb de pers. non scolarisées de 15 ans ou + 2020,319640
28,Eure-et-Loir,2021,15-26,Part des élèves du privé parmi les élèves du second degré 2021,16.2
28,Eure-et-Loir,2020,15-26,Part des diplômés d'un BAC+5 ou plus dans la pop. non scolarisée de 15 ans ou + 2020,6.3
28,Eure-et-Loir,2020,15-26,Part des diplômés d'un BAC+3  ou BAC+4 dans la pop. non scolarisée de 15 ans ou + 2020,7.2
28,Eure-et-Loir,2020,15-26,Part des diplômés d'un BAC+2 dans la pop. non scolarisée de 15 ans ou + 2020,10.8
28,Eure-et-Loir,2020,15-26,"Part des pers., dont le diplôme le plus élevé est le bac, dans la pop. non scolarisée de 15 ans ou + 2020",17.1
28,Eure-et-Loir,2020,15-26,"Part des pers., dont le diplôme le plus élevé est un CAP ou un BEP, dans la pop. non scolarisée de 15 ans ou + 2020",28.6
28,Eure-et-Loir,Âge,15-26,Âge,15-26
29,Finistère,2020,15-26,Nb de pers. non scolarisées de 15 ans ou + 2020,690874
29,Finistère,2021,15-26,Part des élèves du privé parmi les élèves du second degré 2021,43.9
29,Finistère,2020,15-26,Part des diplômés d'un BAC+5 ou plus dans la pop. non scolarisée de 15 ans ou + 2020,8.5
29,Finistère,2020,15-26,Part des diplômés d'un BAC+3  ou BAC+4 dans la pop. non scolarisée de 15 ans ou + 2020,10.1
29,Finistère,2020,15-26,Part des diplômés d'un BAC+2 dans la pop. non scolarisée de 15 ans ou + 2020,12.9
29,Finistère,2020,15-26,"Part des pers., dont le diplôme le plus élevé est le bac, dans la pop. non scolarisée de 15 ans ou + 2020",19.7
29,Finistère,2020,15-26,"Part des pers., dont le diplôme le plus élevé est un CAP ou un BEP, dans la pop. non scolarisée de 15 ans ou + 2020",27.1
29,Finistère,Âge,15-26,Âge,15-26
2A,Corse-du-Sud,2020,15-26,Nb de pers. non scolarisées de 15 ans ou + 2020,127043
2A,Corse-du-Sud,2021,15-26,Part des élèves du privé parmi les élèves du second degré 2021,5.4
2A,Corse-du-Sud,2020,15-26,Part des diplômés d'un BAC+5 ou plus dans la pop. non scolarisée de 15 ans ou + 2020,7.4
2A,Corse-du-Sud,2020,15-26,Part des diplômés d'un BAC+3  ou BAC+4 dans la pop. non scolarisée de 15 ans ou + 2020,9.6
2A,Corse-du-Sud,2020,15-26,Part des diplômés d'un BAC+2 dans la pop. non scolarisée de 15 ans ou + 2020,10.1
2A,Corse-du-Sud,2020,15-26,"Part des pers., dont le diplôme le plus élevé est le bac, dans la pop. non scolarisée de 15 ans ou + 2020",23.7
2A,Corse-du-Sud,2020,15-26,"Part des pers., dont le diplôme le plus élevé est un CAP ou un BEP, dans la pop. non scolarisée de 15 ans ou + 2020",21.2
2A,Corse-du-Sud,Âge,15-26,Âge,15-26
2B,Haute-Corse,2020,15-26,Nb de pers. non scolarisées de 15 ans ou + 2020,142404
2B,Haute-Corse,2021,15-26,Part des élèves du privé parmi les élèves du second degré 2021,6.2
2B,Haute-Corse,2020,15-26,Part des diplômés d'un BAC+5 ou plus dans la pop. non scolarisée de 15 ans ou + 2020,8.1
2B,Haute-Corse,2020,15-26,Part des diplômés d'un BAC+3  ou BAC+4 dans la pop. non scolarisée de 15 ans ou + 2020,9.1
2B,Haute-Corse,2020,15-26,Part des diplômés d'un BAC+2 dans la pop. non scolarisée de 15 ans ou + 2020,9.2
2B,Haute-Corse,2020,15-26,"Part des pers., dont le diplôme le plus élevé est le bac, dans la pop. non scolarisée de 15 ans ou + 2020",21.7
2B,Haute-Corse,2020,15-26,"Part des pers., dont le diplôme le plus élevé est un CAP ou un BEP, dans la pop. non scolarisée de 15 ans ou + 2020",20.6
2B,Haute-Corse,Âge,15-26,Âge,15-26
30,Gard,2020,15-26,Nb de pers. non scolarisées de 15 ans ou + 2020,566069
30,Gard,2021,15-26,Part des élèves du privé parmi les élèves du second degré 2021,22.2
30,Gard,2020,15-26,Part des diplômés d'un BAC+5 ou plus dans la pop. non scolarisée de 15 ans ou + 2020,7.7
30,Gard,2020,15-26,Part des diplômés d'un BAC+3  ou BAC+4 dans la pop. non scolarisée de 15 ans ou + 2020,9.1
30,Gard,2020,15-26,Part des diplômés d'un BAC+2 dans la pop. non scolarisée de 15 ans ou + 2020,11.3
30,Gard,2020,15-26,"Part des pers., dont le diplôme le plus élevé est le bac, dans la pop. non scolarisée de 15 ans ou + 2020",18.2
30,Gard,2020,15-26,"Part des pers., dont le diplôme le plus élevé est un CAP ou un BEP, dans la pop. non scolarisée de 15 ans ou + 2020",25
30,Gard,Âge,15-26,Âge,15-26
31,Haute-Garonne,2020,15-26,Nb de pers. non scolarisées de 15 ans ou + 2020,1001260
31,Haute-Garonne,2021,15-26,Part des élèves du privé parmi les élèves du second degré 2021,15.5
31,Haute-Garonne,2020,15-26,Part des diplômés d'un BAC+5 ou plus dans la pop. non scolarisée de 15 ans ou + 2020,18.1
31,Haute-Garonne,2020,15-26,Part des diplômés d'un BAC+3  ou BAC+4 dans la pop. non scolarisée de 15 ans ou + 2020,12.1
31,Haute-Garonne,2020,15-26,Part des diplômés d'un BAC+2 dans la pop. non scolarisée de 15 ans ou + 2020,13.4
31,Haute-Garonne,2020,15-26,"Part des pers., dont le diplôme le plus élevé est le bac, dans la pop. non scolarisée de 15 ans ou + 2020",17.5
31,Haute-Garonne,2020,15-26,"Part des pers., dont le diplôme le plus élevé est un CAP ou un BEP, dans la pop. non scolarisée de 15 ans ou + 2020",19.7
31,Haute-Garonne,Âge,15-26,Âge,15-26
32,Gers,2020,15-26,Nb de pers. non scolarisées de 15 ans ou + 2020,151944
32,Gers,2021,15-26,Part des élèves du privé parmi les élèves du second degré 2021,16.5
32,Gers,2020,15-26,Part des diplômés d'un BAC+5 ou plus dans la pop. non scolarisée de 15 ans ou + 2020,6.9
32,Gers,2020,15-26,Part des diplômés d'un BAC+3  ou BAC+4 dans la pop. non scolarisée de 15 ans ou + 2020,8.8
32,Gers,2020,15-26,Part des diplômés d'un BAC+2 dans la pop. non scolarisée de 15 ans ou + 2020,11.1
32,Gers,2020,15-26,"Part des pers., dont le diplôme le plus élevé est le bac, dans la pop. non scolarisée de 15 ans ou + 2020",18.6
32,Gers,2020,15-26,"Part des pers., dont le diplôme le plus élevé est un CAP ou un BEP, dans la pop. non scolarisée de 15 ans ou + 2020",26.3
32,Gers,Âge,15-26,Âge,15-26
33,Gironde,2020,15-26,Nb de pers. non scolarisées de 15 ans ou + 2020,1193097
33,Gironde,2021,15-26,Part des élèves du privé parmi les élèves du second degré 2021,18.3
33,Gironde,2020,15-26,Part des diplômés d'un BAC+5 ou plus dans la pop. non scolarisée de 15 ans ou + 2020,12.6
33,Gironde,2020,15-26,Part des diplômés d'un BAC+3  ou BAC+4 dans la pop. non scolarisée de 15 ans ou + 2020,10.5
33,Gironde,2020,15-26,Part des diplômés d'un BAC+2 dans la pop. non scolarisée de 15 ans ou + 2020,12.4
33,Gironde,2020,15-26,"Part des pers., dont le diplôme le plus élevé est le bac, dans la pop. non scolarisée de 15 ans ou + 2020",17.8
33,Gironde,2020,15-26,"Part des pers., dont le diplôme le plus élevé est un CAP ou un BEP, dans la pop. non scolarisée de 15 ans ou + 2020",24.4
33,Gironde,Âge,15-26,Âge,15-26
34,Hérault,2020,15-26,Nb de pers. non scolarisées de 15 ans ou + 2020,865414
34,Hérault,2021,15-26,Part des élèves du privé parmi les élèves du second degré 2021,15.8
34,Hérault,2020,15-26,Part des diplômés d'un BAC+5 ou plus dans la pop. non scolarisée de 15 ans ou + 2020,12.3
34,Hérault,2020,15-26,Part des diplômés d'un BAC+3  ou BAC+4 dans la pop. non scolarisée de 15 ans ou + 2020,10.8
34,Hérault,2020,15-26,Part des diplômés d'un BAC+2 dans la pop. non scolarisée de 15 ans ou + 2020,11.3
34,Hérault,2020,15-26,"Part des pers., dont le diplôme le plus élevé est le bac, dans la pop. non scolarisée de 15 ans ou + 2020",18.5
34,Hérault,2020,15-26,"Part des pers., dont le diplôme le plus élevé est un CAP ou un BEP, dans la pop. non scolarisée de 15 ans ou + 2020",21.7
34,Hérault,Âge,15-26,Âge,15-26
35,Ille-et-Vilaine,2020,15-26,Nb de pers. non scolarisées de 15 ans ou + 2020,768991
35,Ille-et-Vilaine,2021,15-26,Part des élèves du privé parmi les élèves du second degré 2021,40.4
35,Ille-et-Vilaine,2020,15-26,Part des diplômés d'un BAC+5 ou plus dans la pop. non scolarisée de 15 ans ou + 2020,12
35,Ille-et-Vilaine,2020,15-26,Part des diplômés d'un BAC+3  ou BAC+4 dans la pop. non scolarisée de 15 ans ou + 2020,10.8
35,Ille-et-Vilaine,2020,15-26,Part des diplômés d'un BAC+2 dans la pop. non scolarisée de 15 ans ou + 2020,12.7
35,Ille-et-Vilaine,2020,15-26,"Part des pers., dont le diplôme le plus élevé est le bac, dans la pop. non scolarisée de 15 ans ou + 2020",17.9
35,Ille-et-Vilaine,2020,15-26,"Part des pers., dont le diplôme le plus élevé est un CAP ou un BEP, dans la pop. non scolarisée de 15 ans ou + 2020",24.3
35,Ille-et-Vilaine,Âge,15-26,Âge,15-26
36,Indre,2020,15-26,Nb de pers. non scolarisées de 15 ans ou + 2020,173819
36,Indre,2021,15-26,Part des élèves du privé parmi les élèves du second degré 2021,9.2
36,Indre,2020,15-26,Part des diplômés d'un BAC+5 ou plus dans la pop. non scolarisée de 15 ans ou + 2020,4.4
36,Indre,2020,15-26,Part des diplômés d'un BAC+3  ou BAC+4 dans la pop. non scolarisée de 15 ans ou + 2020,6.2
36,Indre,2020,15-26,Part des diplômés d'un BAC+2 dans la pop. non scolarisée de 15 ans ou + 2020,8.7
36,Indre,2020,15-26,"Part des pers., dont le diplôme le plus élevé est le bac, dans la pop. non scolarisée de 15 ans ou + 2020",16.2
36,Indre,2020,15-26,"Part des pers., dont le diplôme le plus élevé est un CAP ou un BEP, dans la pop. non scolarisée de 15 ans ou + 2020",31.6
36,Indre,Âge,15-26,Âge,15-26
37,Indre-et-Loire,2020,15-26,Nb de pers. non scolarisées de 15 ans ou + 2020,448613
37,Indre-et-Loire,2021,15-26,Part des élèves du privé parmi les élèves du second degré 2021,17.6
37,Indre-et-Loire,2020,15-26,Part des diplômés d'un BAC+5 ou plus dans la pop. non scolarisée de 15 ans ou + 2020,9.5
37,Indre-et-Loire,2020,15-26,Part des diplômés d'un BAC+3  ou BAC+4 dans la pop. non scolarisée de 15 ans ou + 2020,9.5
37,Indre-et-Loire,2020,15-26,Part des diplômés d'un BAC+2 dans la pop. non scolarisée de 15 ans ou + 2020,12
37,Indre-et-Loire,2020,15-26,"Part des pers., dont le diplôme le plus élevé est le bac, dans la pop. non scolarisée de 15 ans ou + 2020",17.6
37,Indre-et-Loire,2020,15-26,"Part des pers., dont le diplôme le plus élevé est un CAP ou un BEP, dans la pop. non scolarisée de 15 ans ou + 2020",26.5
37,Indre-et-Loire,Âge,15-26,Âge,15-26
38,Isère,2020,15-26,Nb de pers. non scolarisées de 15 ans ou + 2020,913794
38,Isère,2021,15-26,Part des élèves du privé parmi les élèves du second degré 2021,18.4
38,Isère,2020,15-26,Part des diplômés d'un BAC+5 ou plus dans la pop. non scolarisée de 15 ans ou + 2020,12.8
38,Isère,2020,15-26,Part des diplômés d'un BAC+3  ou BAC+4 dans la pop. non scolarisée de 15 ans ou + 2020,9.9
38,Isère,2020,15-26,Part des diplômés d'un BAC+2 dans la pop. non scolarisée de 15 ans ou + 2020,12.6
38,Isère,2020,15-26,"Part des pers., dont le diplôme le plus élevé est le bac, dans la pop. non scolarisée de 15 ans ou + 2020",17
38,Isère,2020,15-26,"Part des pers., dont le diplôme le plus élevé est un CAP ou un BEP, dans la pop. non scolarisée de 15 ans ou + 2020",23.8
38,Isère,Âge,15-26,Âge,15-26
39,Jura,2020,15-26,Nb de pers. non scolarisées de 15 ans ou + 2020,198318
39,Jura,2021,15-26,Part des élèves du privé parmi les élèves du second degré 2021,18.4
39,Jura,2020,15-26,Part des diplômés d'un BAC+5 ou plus dans la pop. non scolarisée de 15 ans ou + 2020,5.5
39,Jura,2020,15-26,Part des diplômés d'un BAC+3  ou BAC+4 dans la pop. non scolarisée de 15 ans ou + 2020,8
39,Jura,2020,15-26,Part des diplômés d'un BAC+2 dans la pop. non scolarisée de 15 ans ou + 2020,11.3
39,Jura,2020,15-26,"Part des pers., dont le diplôme le plus élevé est le bac, dans la pop. non scolarisée de 15 ans ou + 2020",17.7
39,Jura,2020,15-26,"Part des pers., dont le diplôme le plus élevé est un CAP ou un BEP, dans la pop. non scolarisée de 15 ans ou + 2020",29.9
39,Jura,Âge,15-26,Âge,15-26
40,Landes,2020,15-26,Nb de pers. non scolarisées de 15 ans ou + 2020,328236
40,Landes,2021,15-26,Part des élèves du privé parmi les élèves du second degré 2021,10.9
40,Landes,2020,15-26,Part des diplômés d'un BAC+5 ou plus dans la pop. non scolarisée de 15 ans ou + 2020,6.1
40,Landes,2020,15-26,Part des diplômés d'un BAC+3  ou BAC+4 dans la pop. non scolarisée de 15 ans ou + 2020,8
40,Landes,2020,15-26,Part des diplômés d'un BAC+2 dans la pop. non scolarisée de 15 ans ou + 2020,11.8
40,Landes,2020,15-26,"Part des pers., dont le diplôme le plus élevé est le bac, dans la pop. non scolarisée de 15 ans ou + 2020",19
40,Landes,2020,15-26,"Part des pers., dont le diplôme le plus élevé est un CAP ou un BEP, dans la pop. non scolarisée de 15 ans ou + 2020",30.2
40,Landes,Âge,15-26,Âge,15-26
41,Loir-et-Cher,2020,15-26,Nb de pers. non scolarisées de 15 ans ou + 2020,252704
41,Loir-et-Cher,2021,15-26,Part des élèves du privé parmi les élèves du second degré 2021,16.7
41,Loir-et-Cher,2020,15-26,Part des diplômés d'un BAC+5 ou plus dans la pop. non scolarisée de 15 ans ou + 2020,5.9
41,Loir-et-Cher,2020,15-26,Part des diplômés d'un BAC+3  ou BAC+4 dans la pop. non scolarisée de 15 ans ou + 2020,7.1
41,Loir-et-Cher,2020,15-26,Part des diplômés d'un BAC+2 dans la pop. non scolarisée de 15 ans ou + 2020,10.1
41,Loir-et-Cher,2020,15-26,"Part des pers., dont le diplôme le plus élevé est le bac, dans la pop. non scolarisée de 15 ans ou + 2020",16.1
41,Loir-et-Cher,2020,15-26,"Part des pers., dont le diplôme le plus élevé est un CAP ou un BEP, dans la pop. non scolarisée de 15 ans ou + 2020",30.2
41,Loir-et-Cher,Âge,15-26,Âge,15-26
42,Loire,2020,15-26,Nb de pers. non scolarisées de 15 ans ou + 2020,563931
42,Loire,2021,15-26,Part des élèves du privé parmi les élèves du second degré 2021,28.5
42,Loire,2020,15-26,Part des diplômés d'un BAC+5 ou plus dans la pop. non scolarisée de 15 ans ou + 2020,6.8
42,Loire,2020,15-26,Part des diplômés d'un BAC+3  ou BAC+4 dans la pop. non scolarisée de 15 ans ou + 2020,8.2
42,Loire,2020,15-26,Part des diplômés d'un BAC+2 dans la pop. non scolarisée de 15 ans ou + 2020,10.8
42,Loire,2020,15-26,"Part des pers., dont le diplôme le plus élevé est le bac, dans la pop. non scolarisée de 15 ans ou + 2020",17.4
42,Loire,2020,15-26,"Part des pers., dont le diplôme le plus élevé est un CAP ou un BEP, dans la pop. non scolarisée de 15 ans ou + 2020",28.3
42,Loire,Âge,15-26,Âge,15-26
43,Haute-Loire,2020,15-26,Nb de pers. non scolarisées de 15 ans ou + 2020,174591
43,Haute-Loire,2021,15-26,Part des élèves du privé parmi les élèves du second degré 2021,42.9
43,Haute-Loire,2020,15-26,Part des diplômés d'un BAC+5 ou plus dans la pop. non scolarisée de 15 ans ou + 2020,5.2
43,Haute-Loire,2020,15-26,Part des diplômés d'un BAC+3  ou BAC+4 dans la pop. non scolarisée de 15 ans ou + 2020,7.9
43,Haute-Loire,2020,15-26,Part des diplômés d'un BAC+2 dans la pop. non scolarisée de 15 ans ou + 2020,11.5
43,Haute-Loire,2020,15-26,"Part des pers., dont le diplôme le plus élevé est le bac, dans la pop. non scolarisée de 15 ans ou + 2020",19
43,Haute-Loire,2020,15-26,"Part des pers., dont le diplôme le plus élevé est un CAP ou un BEP, dans la pop. non scolarisée de 15 ans ou + 2020",28.8
43,Haute-Loire,Âge,15-26,Âge,15-26
44,Loire-Atlantique,2020,15-26,Nb de pers. non scolarisées de 15 ans ou + 2020,1036028
44,Loire-Atlantique,2021,15-26,Part des élèves du privé parmi les élèves du second degré 2021,40.2
44,Loire-Atlantique,2020,15-26,Part des diplômés d'un BAC+5 ou plus dans la pop. non scolarisée de 15 ans ou + 2020,12.2
44,Loire-Atlantique,2020,15-26,Part des diplômés d'un BAC+3  ou BAC+4 dans la pop. non scolarisée de 15 ans ou + 2020,10.8
44,Loire-Atlantique,2020,15-26,Part des diplômés d'un BAC+2 dans la pop. non scolarisée de 15 ans ou + 2020,13.2
44,Loire-Atlantique,2020,15-26,"Part des pers., dont le diplôme le plus élevé est le bac, dans la pop. non scolarisée de 15 ans ou + 2020",17.6
44,Loire-Atlantique,2020,15-26,"Part des pers., dont le diplôme le plus élevé est un CAP ou un BEP, dans la pop. non scolarisée de 15 ans ou + 2020",26.2
44,Loire-Atlantique,Âge,15-26,Âge,15-26
45,Loiret,2020,15-26,Nb de pers. non scolarisées de 15 ans ou + 2020,497674
45,Loiret,2021,15-26,Part des élèves du privé parmi les élèves du second degré 2021,13.9
45,Loiret,2020,15-26,Part des diplômés d'un BAC+5 ou plus dans la pop. non scolarisée de 15 ans ou + 2020,8.5
45,Loiret,2020,15-26,Part des diplômés d'un BAC+3  ou BAC+4 dans la pop. non scolarisée de 15 ans ou + 2020,8.4
45,Loiret,2020,15-26,Part des diplômés d'un BAC+2 dans la pop. non scolarisée de 15 ans ou + 2020,11.5
45,Loiret,2020,15-26,"Part des pers., dont le diplôme le plus élevé est le bac, dans la pop. non scolarisée de 15 ans ou + 2020",16.8
45,Loiret,2020,15-26,"Part des pers., dont le diplôme le plus élevé est un CAP ou un BEP, dans la pop. non scolarisée de 15 ans ou + 2020",26.9
45,Loiret,Âge,15-26,Âge,15-26
46,Lot,2020,15-26,Nb de pers. non scolarisées de 15 ans ou + 2020,140856
46,Lot,2021,15-26,Part des élèves du privé parmi les élèves du second degré 2021,14.8
46,Lot,2020,15-26,Part des diplômés d'un BAC+5 ou plus dans la pop. non scolarisée de 15 ans ou + 2020,7
46,Lot,2020,15-26,Part des diplômés d'un BAC+3  ou BAC+4 dans la pop. non scolarisée de 15 ans ou + 2020,8.9
46,Lot,2020,15-26,Part des diplômés d'un BAC+2 dans la pop. non scolarisée de 15 ans ou + 2020,11.2
46,Lot,2020,15-26,"Part des pers., dont le diplôme le plus élevé est le bac, dans la pop. non scolarisée de 15 ans ou + 2020",19.1
46,Lot,2020,15-26,"Part des pers., dont le diplôme le plus élevé est un CAP ou un BEP, dans la pop. non scolarisée de 15 ans ou + 2020",26.6
46,Lot,Âge,15-26,Âge,15-26
47,Lot-et-Garonne,2020,15-26,Nb de pers. non scolarisées de 15 ans ou + 2020,257261
47,Lot-et-Garonne,2021,15-26,Part des élèves du privé parmi les élèves du second degré 2021,15.9
47,Lot-et-Garonne,2020,15-26,Part des diplômés d'un BAC+5 ou plus dans la pop. non scolarisée de 15 ans ou + 2020,5.5
47,Lot-et-Garonne,2020,15-26,Part des diplômés d'un BAC+3  ou BAC+4 dans la pop. non scolarisée de 15 ans ou + 2020,7.4
47,Lot-et-Garonne,2020,15-26,Part des diplômés d'un BAC+2 dans la pop. non scolarisée de 15 ans ou + 2020,10.1
47,Lot-et-Garonne,2020,15-26,"Part des pers., dont le diplôme le plus élevé est le bac, dans la pop. non scolarisée de 15 ans ou + 2020",17.6
47,Lot-et-Garonne,2020,15-26,"Part des pers., dont le diplôme le plus élevé est un CAP ou un BEP, dans la pop. non scolarisée de 15 ans ou + 2020",28
47,Lot-et-Garonne,Âge,15-26,Âge,15-26
48,Lozère,2020,15-26,Nb de pers. non scolarisées de 15 ans ou + 2020,59527
48,Lozère,2021,15-26,Part des élèves du privé parmi les élèves du second degré 2021,37.8
48,Lozère,2020,15-26,Part des diplômés d'un BAC+5 ou plus dans la pop. non scolarisée de 15 ans ou + 2020,6.1
48,Lozère,2020,15-26,Part des diplômés d'un BAC+3  ou BAC+4 dans la pop. non scolarisée de 15 ans ou + 2020,8.9
48,Lozère,2020,15-26,Part des diplômés d'un BAC+2 dans la pop. non scolarisée de 15 ans ou + 2020,12.2
48,Lozère,2020,15-26,"Part des pers., dont le diplôme le plus élevé est le bac, dans la pop. non scolarisée de 15 ans ou + 2020",19.9
48,Lozère,2020,15-26,"Part des pers., dont le diplôme le plus élevé est un CAP ou un BEP, dans la pop. non scolarisée de 15 ans ou + 2020",25.6
48,Lozère,Âge,15-26,Âge,15-26
49,Maine-et-Loire,2020,15-26,Nb de pers. non scolarisées de 15 ans ou + 2020,589012
49,Maine-et-Loire,2021,15-26,Part des élèves du privé parmi les élèves du second degré 2021,47.4
49,Maine-et-Loire,2020,15-26,Part des diplômés d'un BAC+5 ou plus dans la pop. non scolarisée de 15 ans ou + 2020,7.8
49,Maine-et-Loire,2020,15-26,Part des diplômés d'un BAC+3  ou BAC+4 dans la pop. non scolarisée de 15 ans ou + 2020,8.7
49,Maine-et-Loire,2020,15-26,Part des diplômés d'un BAC+2 dans la pop. non scolarisée de 15 ans ou + 2020,11.6
49,Maine-et-Loire,2020,15-26,"Part des pers., dont le diplôme le plus élevé est le bac, dans la pop. non scolarisée de 15 ans ou + 2020",17.4
49,Maine-et-Loire,2020,15-26,"Part des pers., dont le diplôme le plus élevé est un CAP ou un BEP, dans la pop. non scolarisée de 15 ans ou + 2020",27.2
49,Maine-et-Loire,Âge,15-26,Âge,15-26
50,Manche,2020,15-26,Nb de pers. non scolarisées de 15 ans ou + 2020,383373
50,Manche,2021,15-26,Part des élèves du privé parmi les élèves du second degré 2021,23.7
50,Manche,2020,15-26,Part des diplômés d'un BAC+5 ou plus dans la pop. non scolarisée de 15 ans ou + 2020,5.5
50,Manche,2020,15-26,Part des diplômés d'un BAC+3  ou BAC+4 dans la pop. non scolarisée de 15 ans ou + 2020,7.2
50,Manche,2020,15-26,Part des diplômés d'un BAC+2 dans la pop. non scolarisée de 15 ans ou + 2020,10
50,Manche,2020,15-26,"Part des pers., dont le diplôme le plus élevé est le bac, dans la pop. non scolarisée de 15 ans ou + 2020",17.1
50,Manche,2020,15-26,"Part des pers., dont le diplôme le plus élevé est un CAP ou un BEP, dans la pop. non scolarisée de 15 ans ou + 2020",30.2
50,Manche,Âge,15-26,Âge,15-26
51,Marne,2020,15-26,Nb de pers. non scolarisées de 15 ans ou + 2020,410781
51,Marne,2021,15-26,Part des élèves du privé parmi les élèves du second degré 2021,22.3
51,Marne,2020,15-26,Part des diplômés d'un BAC+5 ou plus dans la pop. non scolarisée de 15 ans ou + 2020,8.2
51,Marne,2020,15-26,Part des diplômés d'un BAC+3  ou BAC+4 dans la pop. non scolarisée de 15 ans ou + 2020,8.3
51,Marne,2020,15-26,Part des diplômés d'un BAC+2 dans la pop. non scolarisée de 15 ans ou + 2020,11.1
51,Marne,2020,15-26,"Part des pers., dont le diplôme le plus élevé est le bac, dans la pop. non scolarisée de 15 ans ou + 2020",17
51,Marne,2020,15-26,"Part des pers., dont le diplôme le plus élevé est un CAP ou un BEP, dans la pop. non scolarisée de 15 ans ou + 2020",26.6
51,Marne,Âge,15-26,Âge,15-26
52,Haute-Marne,2020,15-26,Nb de pers. non scolarisées de 15 ans ou + 2020,135167
52,Haute-Marne,2021,15-26,Part des élèves du privé parmi les élèves du second degré 2021,13.3
52,Haute-Marne,2020,15-26,Part des diplômés d'un BAC+5 ou plus dans la pop. non scolarisée de 15 ans ou + 2020,3.9
52,Haute-Marne,2020,15-26,Part des diplômés d'un BAC+3  ou BAC+4 dans la pop. non scolarisée de 15 ans ou + 2020,5.7
52,Haute-Marne,2020,15-26,Part des diplômés d'un BAC+2 dans la pop. non scolarisée de 15 ans ou + 2020,9
52,Haute-Marne,2020,15-26,"Part des pers., dont le diplôme le plus élevé est le bac, dans la pop. non scolarisée de 15 ans ou + 2020",17.1
52,Haute-Marne,2020,15-26,"Part des pers., dont le diplôme le plus élevé est un CAP ou un BEP, dans la pop. non scolarisée de 15 ans ou + 2020",30.8
52,Haute-Marne,Âge,15-26,Âge,15-26
53,Mayenne,2020,15-26,Nb de pers. non scolarisées de 15 ans ou + 2020,227313
53,Mayenne,2021,15-26,Part des élèves du privé parmi les élèves du second degré 2021,39.7
53,Mayenne,2020,15-26,Part des diplômés d'un BAC+5 ou plus dans la pop. non scolarisée de 15 ans ou + 2020,5.2
53,Mayenne,2020,15-26,Part des diplômés d'un BAC+3  ou BAC+4 dans la pop. non scolarisée de 15 ans ou + 2020,7.2
53,Mayenne,2020,15-26,Part des diplômés d'un BAC+2 dans la pop. non scolarisée de 15 ans ou + 2020,10.4
53,Mayenne,2020,15-26,"Part des pers., dont le diplôme le plus élevé est le bac, dans la pop. non scolarisée de 15 ans ou + 2020",17.1
53,Mayenne,2020,15-26,"Part des pers., dont le diplôme le plus élevé est un CAP ou un BEP, dans la pop. non scolarisée de 15 ans ou + 2020",29.2
53,Mayenne,Âge,15-26,Âge,15-26
54,Meurthe-et-Moselle,2020,15-26,Nb de pers. non scolarisées de 15 ans ou + 2020,528971
54,Meurthe-et-Moselle,2021,15-26,Part des élèves du privé parmi les élèves du second degré 2021,15.7
54,Meurthe-et-Moselle,2020,15-26,Part des diplômés d'un BAC+5 ou plus dans la pop. non scolarisée de 15 ans ou + 2020,8.7
54,Meurthe-et-Moselle,2020,15-26,Part des diplômés d'un BAC+3  ou BAC+4 dans la pop. non scolarisée de 15 ans ou + 2020,9.1
54,Meurthe-et-Moselle,2020,15-26,Part des diplômés d'un BAC+2 dans la pop. non scolarisée de 15 ans ou + 2020,11.4
54,Meurthe-et-Moselle,2020,15-26,"Part des pers., dont le diplôme le plus élevé est le bac, dans la pop. non scolarisée de 15 ans ou + 2020",17.4
54,Meurthe-et-Moselle,2020,15-26,"Part des pers., dont le diplôme le plus élevé est un CAP ou un BEP, dans la pop. non scolarisée de 15 ans ou + 2020",27.5
54,Meurthe-et-Moselle,Âge,15-26,Âge,15-26
55,Meuse,2020,15-26,Nb de pers. non scolarisées de 15 ans ou + 2020,141044
55,Meuse,2021,15-26,Part des élèves du privé parmi les élèves du second degré 2021,13.8
55,Meuse,2020,15-26,Part des diplômés d'un BAC+5 ou plus dans la pop. non scolarisée de 15 ans ou + 2020,4.1
55,Meuse,2020,15-26,Part des diplômés d'un BAC+3  ou BAC+4 dans la pop. non scolarisée de 15 ans ou + 2020,6.2
55,Meuse,2020,15-26,Part des diplômés d'un BAC+2 dans la pop. non scolarisée de 15 ans ou + 2020,10
55,Meuse,2020,15-26,"Part des pers., dont le diplôme le plus élevé est le bac, dans la pop. non scolarisée de 15 ans ou + 2020",17.9
55,Meuse,2020,15-26,"Part des pers., dont le diplôme le plus élevé est un CAP ou un BEP, dans la pop. non scolarisée de 15 ans ou + 2020",31.4
55,Meuse,Âge,15-26,Âge,15-26
56,Morbihan,2020,15-26,Nb de pers. non scolarisées de 15 ans ou + 2020,583578
56,Morbihan,2021,15-26,Part des élèves du privé parmi les élèves du second degré 2021,51.5
56,Morbihan,2020,15-26,Part des diplômés d'un BAC+5 ou plus dans la pop. non scolarisée de 15 ans ou + 2020,7.3
56,Morbihan,2020,15-26,Part des diplômés d'un BAC+3  ou BAC+4 dans la pop. non scolarisée de 15 ans ou + 2020,9.2
56,Morbihan,2020,15-26,Part des diplômés d'un BAC+2 dans la pop. non scolarisée de 15 ans ou + 2020,12.1
56,Morbihan,2020,15-26,"Part des pers., dont le diplôme le plus élevé est le bac, dans la pop. non scolarisée de 15 ans ou + 2020",19
56,Morbihan,2020,15-26,"Part des pers., dont le diplôme le plus élevé est un CAP ou un BEP, dans la pop. non scolarisée de 15 ans ou + 2020",28.4
56,Morbihan,Âge,15-26,Âge,15-26
57,Moselle,2020,15-26,Nb de pers. non scolarisées de 15 ans ou + 2020,794431
57,Moselle,2021,15-26,Part des élèves du privé parmi les élèves du second degré 2021,16.9
57,Moselle,2020,15-26,Part des diplômés d'un BAC+5 ou plus dans la pop. non scolarisée de 15 ans ou + 2020,7.5
57,Moselle,2020,15-26,Part des diplômés d'un BAC+3  ou BAC+4 dans la pop. non scolarisée de 15 ans ou + 2020,8.5
57,Moselle,2020,15-26,Part des diplômés d'un BAC+2 dans la pop. non scolarisée de 15 ans ou + 2020,10.8
57,Moselle,2020,15-26,"Part des pers., dont le diplôme le plus élevé est le bac, dans la pop. non scolarisée de 15 ans ou + 2020",17.1
57,Moselle,2020,15-26,"Part des pers., dont le diplôme le plus élevé est un CAP ou un BEP, dans la pop. non scolarisée de 15 ans ou + 2020",29.3
57,Moselle,Âge,15-26,Âge,15-26
58,Nièvre,2020,15-26,Nb de pers. non scolarisées de 15 ans ou + 2020,162116
58,Nièvre,2021,15-26,Part des élèves du privé parmi les élèves du second degré 2021,13.7
58,Nièvre,2020,15-26,Part des diplômés d'un BAC+5 ou plus dans la pop. non scolarisée de 15 ans ou + 2020,4.8
58,Nièvre,2020,15-26,Part des diplômés d'un BAC+3  ou BAC+4 dans la pop. non scolarisée de 15 ans ou + 2020,6.2
58,Nièvre,2020,15-26,Part des diplômés d'un BAC+2 dans la pop. non scolarisée de 15 ans ou + 2020,8.9
58,Nièvre,2020,15-26,"Part des pers., dont le diplôme le plus élevé est le bac, dans la pop. non scolarisée de 15 ans ou + 2020",17.2
58,Nièvre,2020,15-26,"Part des pers., dont le diplôme le plus élevé est un CAP ou un BEP, dans la pop. non scolarisée de 15 ans ou + 2020",31.2
58,Nièvre,Âge,15-26,Âge,15-26
59,Nord,2020,15-26,Nb de pers. non scolarisées de 15 ans ou + 2020,1838437
59,Nord,2021,15-26,Part des élèves du privé parmi les élèves du second degré 2021,32.6
59,Nord,2020,15-26,Part des diplômés d'un BAC+5 ou plus dans la pop. non scolarisée de 15 ans ou + 2020,9.7
59,Nord,2020,15-26,Part des diplômés d'un BAC+3  ou BAC+4 dans la pop. non scolarisée de 15 ans ou + 2020,9
59,Nord,2020,15-26,Part des diplômés d'un BAC+2 dans la pop. non scolarisée de 15 ans ou + 2020,10.7
59,Nord,2020,15-26,"Part des pers., dont le diplôme le plus élevé est le bac, dans la pop. non scolarisée de 15 ans ou + 2020",17.1
59,Nord,2020,15-26,"Part des pers., dont le diplôme le plus élevé est un CAP ou un BEP, dans la pop. non scolarisée de 15 ans ou + 2020",24.1
59,Nord,Âge,15-26,Âge,15-26
60,Oise,2020,15-26,Nb de pers. non scolarisées de 15 ans ou + 2020,599457
60,Oise,2021,15-26,Part des élèves du privé parmi les élèves du second degré 2021,16.0
60,Oise,2020,15-26,Part des diplômés d'un BAC+5 ou plus dans la pop. non scolarisée de 15 ans ou + 2020,7.4
60,Oise,2020,15-26,Part des diplômés d'un BAC+3  ou BAC+4 dans la pop. non scolarisée de 15 ans ou + 2020,8
60,Oise,2020,15-26,Part des diplômés d'un BAC+2 dans la pop. non scolarisée de 15 ans ou + 2020,11.2
60,Oise,2020,15-26,"Part des pers., dont le diplôme le plus élevé est le bac, dans la pop. non scolarisée de 15 ans ou + 2020",17.5
60,Oise,2020,15-26,"Part des pers., dont le diplôme le plus élevé est un CAP ou un BEP, dans la pop. non scolarisée de 15 ans ou + 2020",26.4
60,Oise,Âge,15-26,Âge,15-26
61,Orne,2020,15-26,Nb de pers. non scolarisées de 15 ans ou + 2020,215366
61,Orne,2021,15-26,Part des élèves du privé parmi les élèves du second degré 2021,24.5
61,Orne,2020,15-26,Part des diplômés d'un BAC+5 ou plus dans la pop. non scolarisée de 15 ans ou + 2020,4.6
61,Orne,2020,15-26,Part des diplômés d'un BAC+3  ou BAC+4 dans la pop. non scolarisée de 15 ans ou + 2020,6
61,Orne,2020,15-26,Part des diplômés d'un BAC+2 dans la pop. non scolarisée de 15 ans ou + 2020,8.7
61,Orne,2020,15-26,"Part des pers., dont le diplôme le plus élevé est le bac, dans la pop. non scolarisée de 15 ans ou + 2020",15.9
61,Orne,2020,15-26,"Part des pers., dont le diplôme le plus élevé est un CAP ou un BEP, dans la pop. non scolarisée de 15 ans ou + 2020",30.8
61,Orne,Âge,15-26,Âge,15-26
62,Pas-de-Calais,2020,15-26,Nb de pers. non scolarisées de 15 ans ou + 2020,1072759
62,Pas-de-Calais,2021,15-26,Part des élèves du privé parmi les élèves du second degré 2021,17.0
62,Pas-de-Calais,2020,15-26,Part des diplômés d'un BAC+5 ou plus dans la pop. non scolarisée de 15 ans ou + 2020,4.8
62,Pas-de-Calais,2020,15-26,Part des diplômés d'un BAC+3  ou BAC+4 dans la pop. non scolarisée de 15 ans ou + 2020,7
62,Pas-de-Calais,2020,15-26,Part des diplômés d'un BAC+2 dans la pop. non scolarisée de 15 ans ou + 2020,10.5
62,Pas-de-Calais,2020,15-26,"Part des pers., dont le diplôme le plus élevé est le bac, dans la pop. non scolarisée de 15 ans ou + 2020",18.2
62,Pas-de-Calais,2020,15-26,"Part des pers., dont le diplôme le plus élevé est un CAP ou un BEP, dans la pop. non scolarisée de 15 ans ou + 2020",27.9
62,Pas-de-Calais,Âge,15-26,Âge,15-26
63,Puy-de-Dôme,2020,15-26,Nb de pers. non scolarisées de 15 ans ou + 2020,489827
63,Puy-de-Dôme,2021,15-26,Part des élèves du privé parmi les élèves du second degré 2021,19.9
63,Puy-de-Dôme,2020,15-26,Part des diplômés d'un BAC+5 ou plus dans la pop. non scolarisée de 15 ans ou + 2020,9.9
63,Puy-de-Dôme,2020,15-26,Part des diplômés d'un BAC+3  ou BAC+4 dans la pop. non scolarisée de 15 ans ou + 2020,9.5
63,Puy-de-Dôme,2020,15-26,Part des diplômés d'un BAC+2 dans la pop. non scolarisée de 15 ans ou + 2020,11.5
63,Puy-de-Dôme,2020,15-26,"Part des pers., dont le diplôme le plus élevé est le bac, dans la pop. non scolarisée de 15 ans ou + 2020",17.8
63,Puy-de-Dôme,2020,15-26,"Part des pers., dont le diplôme le plus élevé est un CAP ou un BEP, dans la pop. non scolarisée de 15 ans ou + 2020",26.3
63,Puy-de-Dôme,Âge,15-26,Âge,15-26
64,Pyrénées-Atlantiques,2020,15-26,Nb de pers. non scolarisées de 15 ans ou + 2020,528549
64,Pyrénées-Atlantiques,2021,15-26,Part des élèves du privé parmi les élèves du second degré 2021,31.7
64,Pyrénées-Atlantiques,2020,15-26,Part des diplômés d'un BAC+5 ou plus dans la pop. non scolarisée de 15 ans ou + 2020,10.3
64,Pyrénées-Atlantiques,2020,15-26,Part des diplômés d'un BAC+3  ou BAC+4 dans la pop. non scolarisée de 15 ans ou + 2020,10.2
64,Pyrénées-Atlantiques,2020,15-26,Part des diplômés d'un BAC+2 dans la pop. non scolarisée de 15 ans ou + 2020,12.5
64,Pyrénées-Atlantiques,2020,15-26,"Part des pers., dont le diplôme le plus élevé est le bac, dans la pop. non scolarisée de 15 ans ou + 2020",18.4
64,Pyrénées-Atlantiques,2020,15-26,"Part des pers., dont le diplôme le plus élevé est un CAP ou un BEP, dans la pop. non scolarisée de 15 ans ou + 2020",26.9
64,Pyrénées-Atlantiques,Âge,15-26,Âge,15-26
65,Hautes-Pyrénées,2020,15-26,Nb de pers. non scolarisées de 15 ans ou + 2020,180471
65,Hautes-Pyrénées,2021,15-26,Part des élèves du privé parmi les élèves du second degré 2021,19.7
65,Hautes-Pyrénées,2020,15-26,Part des diplômés d'un BAC+5 ou plus dans la pop. non scolarisée de 15 ans ou + 2020,6.5
65,Hautes-Pyrénées,2020,15-26,Part des diplômés d'un BAC+3  ou BAC+4 dans la pop. non scolarisée de 15 ans ou + 2020,8.5
65,Hautes-Pyrénées,2020,15-26,Part des diplômés d'un BAC+2 dans la pop. non scolarisée de 15 ans ou + 2020,11
65,Hautes-Pyrénées,2020,15-26,"Part des pers., dont le diplôme le plus élevé est le bac, dans la pop. non scolarisée de 15 ans ou + 2020",18.5
65,Hautes-Pyrénées,2020,15-26,"Part des pers., dont le diplôme le plus élevé est un CAP ou un BEP, dans la pop. non scolarisée de 15 ans ou + 2020",29.6
65,Hautes-Pyrénées,Âge,15-26,Âge,15-26
66,Pyrénées-Orientales,2020,15-26,Nb de pers. non scolarisées de 15 ans ou + 2020,370919
66,Pyrénées-Orientales,2021,15-26,Part des élèves du privé parmi les élèves du second degré 2021,16.3
66,Pyrénées-Orientales,2020,15-26,Part des diplômés d'un BAC+5 ou plus dans la pop. non scolarisée de 15 ans ou + 2020,7.2
66,Pyrénées-Orientales,2020,15-26,Part des diplômés d'un BAC+3  ou BAC+4 dans la pop. non scolarisée de 15 ans ou + 2020,9.1
66,Pyrénées-Orientales,2020,15-26,Part des diplômés d'un BAC+2 dans la pop. non scolarisée de 15 ans ou + 2020,9.9
66,Pyrénées-Orientales,2020,15-26,"Part des pers., dont le diplôme le plus élevé est le bac, dans la pop. non scolarisée de 15 ans ou + 2020",18.8
66,Pyrénées-Orientales,2020,15-26,"Part des pers., dont le diplôme le plus élevé est un CAP ou un BEP, dans la pop. non scolarisée de 15 ans ou + 2020",25.8
66,Pyrénées-Orientales,Âge,15-26,Âge,15-26
67,Bas-Rhin,2020,15-26,Nb de pers. non scolarisées de 15 ans ou + 2020,840372
67,Bas-Rhin,2021,15-26,Part des élèves du privé parmi les élèves du second degré 2021,13.5
67,Bas-Rhin,2020,15-26,Part des diplômés d'un BAC+5 ou plus dans la pop. non scolarisée de 15 ans ou + 2020,11.3
67,Bas-Rhin,2020,15-26,Part des diplômés d'un BAC+3  ou BAC+4 dans la pop. non scolarisée de 15 ans ou + 2020,9.5
67,Bas-Rhin,2020,15-26,Part des diplômés d'un BAC+2 dans la pop. non scolarisée de 15 ans ou + 2020,11.8
67,Bas-Rhin,2020,15-26,"Part des pers., dont le diplôme le plus élevé est le bac, dans la pop. non scolarisée de 15 ans ou + 2020",16.5
67,Bas-Rhin,2020,15-26,"Part des pers., dont le diplôme le plus élevé est un CAP ou un BEP, dans la pop. non scolarisée de 15 ans ou + 2020",28.2
67,Bas-Rhin,Âge,15-26,Âge,15-26
68,Haut-Rhin,2020,15-26,Nb de pers. non scolarisées de 15 ans ou + 2020,578539
68,Haut-Rhin,2021,15-26,Part des élèves du privé parmi les élèves du second degré 2021,18.3
68,Haut-Rhin,2020,15-26,Part des diplômés d'un BAC+5 ou plus dans la pop. non scolarisée de 15 ans ou + 2020,7.9
68,Haut-Rhin,2020,15-26,Part des diplômés d'un BAC+3  ou BAC+4 dans la pop. non scolarisée de 15 ans ou + 2020,8.3
68,Haut-Rhin,2020,15-26,Part des diplômés d'un BAC+2 dans la pop. non scolarisée de 15 ans ou + 2020,11.6
68,Haut-Rhin,2020,15-26,"Part des pers., dont le diplôme le plus élevé est le bac, dans la pop. non scolarisée de 15 ans ou + 2020",16.7
68,Haut-Rhin,2020,15-26,"Part des pers., dont le diplôme le plus élevé est un CAP ou un BEP, dans la pop. non scolarisée de 15 ans ou + 2020",30.5
68,Haut-Rhin,Âge,15-26,Âge,15-26
69,Rhône,2020,15-26,Nb de pers. non scolarisées de 15 ans ou + 2020,1307614
69,Rhône,2021,15-26,Part des élèves du privé parmi les élèves du second degré 2021,33.2
69,Rhône,2020,15-26,Part des diplômés d'un BAC+5 ou plus dans la pop. non scolarisée de 15 ans ou + 2020,17.6
69,Rhône,2020,15-26,Part des diplômés d'un BAC+3  ou BAC+4 dans la pop. non scolarisée de 15 ans ou + 2020,11.7
69,Rhône,2020,15-26,Part des diplômés d'un BAC+2 dans la pop. non scolarisée de 15 ans ou + 2020,12.2
69,Rhône,2020,15-26,"Part des pers., dont le diplôme le plus élevé est le bac, dans la pop. non scolarisée de 15 ans ou + 2020",16.2
69,Rhône,2020,15-26,"Part des pers., dont le diplôme le plus élevé est un CAP ou un BEP, dans la pop. non scolarisée de 15 ans ou + 2020",19.4
69,Rhône,Âge,15-26,Âge,15-26
70,Haute-Saône,2020,15-26,Nb de pers. non scolarisées de 15 ans ou + 2020,179825
70,Haute-Saône,2021,15-26,Part des élèves du privé parmi les élèves du second degré 2021,11.5
70,Haute-Saône,2020,15-26,Part des diplômés d'un BAC+5 ou plus dans la pop. non scolarisée de 15 ans ou + 2020,4.7
70,Haute-Saône,2020,15-26,Part des diplômés d'un BAC+3  ou BAC+4 dans la pop. non scolarisée de 15 ans ou + 2020,6.8
70,Haute-Saône,2020,15-26,Part des diplômés d'un BAC+2 dans la pop. non scolarisée de 15 ans ou + 2020,10.5
70,Haute-Saône,2020,15-26,"Part des pers., dont le diplôme le plus élevé est le bac, dans la pop. non scolarisée de 15 ans ou + 2020",16.8
70,Haute-Saône,2020,15-26,"Part des pers., dont le diplôme le plus élevé est un CAP ou un BEP, dans la pop. non scolarisée de 15 ans ou + 2020",30.5
70,Haute-Saône,Âge,15-26,Âge,15-26
71,Saône-et-Loire,2020,15-26,Nb de pers. non scolarisées de 15 ans ou + 2020,428091
71,Saône-et-Loire,2021,15-26,Part des élèves du privé parmi les élèves du second degré 2021,13.6
71,Saône-et-Loire,2020,15-26,Part des diplômés d'un BAC+5 ou plus dans la pop. non scolarisée de 15 ans ou + 2020,5.7
71,Saône-et-Loire,2020,15-26,Part des diplômés d'un BAC+3  ou BAC+4 dans la pop. non scolarisée de 15 ans ou + 2020,6.9
71,Saône-et-Loire,2020,15-26,Part des diplômés d'un BAC+2 dans la pop. non scolarisée de 15 ans ou + 2020,9.9
71,Saône-et-Loire,2020,15-26,"Part des pers., dont le diplôme le plus élevé est le bac, dans la pop. non scolarisée de 15 ans ou + 2020",16.8
71,Saône-et-Loire,2020,15-26,"Part des pers., dont le diplôme le plus élevé est un CAP ou un BEP, dans la pop. non scolarisée de 15 ans ou + 2020",30.8
71,Saône-et-Loire,Âge,15-26,Âge,15-26
72,Sarthe,2020,15-26,Nb de pers. non scolarisées de 15 ans ou + 2020,420370
72,Sarthe,2021,15-26,Part des élèves du privé parmi les élèves du second degré 2021,24.1
72,Sarthe,2020,15-26,Part des diplômés d'un BAC+5 ou plus dans la pop. non scolarisée de 15 ans ou + 2020,6
72,Sarthe,2020,15-26,Part des diplômés d'un BAC+3  ou BAC+4 dans la pop. non scolarisée de 15 ans ou + 2020,7.4
72,Sarthe,2020,15-26,Part des diplômés d'un BAC+2 dans la pop. non scolarisée de 15 ans ou + 2020,10.1
72,Sarthe,2020,15-26,"Part des pers., dont le diplôme le plus élevé est le bac, dans la pop. non scolarisée de 15 ans ou + 2020",16.5
72,Sarthe,2020,15-26,"Part des pers., dont le diplôme le plus élevé est un CAP ou un BEP, dans la pop. non scolarisée de 15 ans ou + 2020",30.3
72,Sarthe,Âge,15-26,Âge,15-26
73,Savoie,2020,15-26,Nb de pers. non scolarisées de 15 ans ou + 2020,330431
73,Savoie,2021,15-26,Part des élèves du privé parmi les élèves du second degré 2021,15.3
73,Savoie,2020,15-26,Part des diplômés d'un BAC+5 ou plus dans la pop. non scolarisée de 15 ans ou + 2020,9.6
73,Savoie,2020,15-26,Part des diplômés d'un BAC+3  ou BAC+4 dans la pop. non scolarisée de 15 ans ou + 2020,10.4
73,Savoie,2020,15-26,Part des diplômés d'un BAC+2 dans la pop. non scolarisée de 15 ans ou + 2020,12.7
73,Savoie,2020,15-26,"Part des pers., dont le diplôme le plus élevé est le bac, dans la pop. non scolarisée de 15 ans ou + 2020",18.2
73,Savoie,2020,15-26,"Part des pers., dont le diplôme le plus élevé est un CAP ou un BEP, dans la pop. non scolarisée de 15 ans ou + 2020",26.9
73,Savoie,Âge,15-26,Âge,15-26
74,Haute-Savoie,2020,15-26,Nb de pers. non scolarisées de 15 ans ou + 2020,616690
74,Haute-Savoie,2021,15-26,Part des élèves du privé parmi les élèves du second degré 2021,26.2
74,Haute-Savoie,2020,15-26,Part des diplômés d'un BAC+5 ou plus dans la pop. non scolarisée de 15 ans ou + 2020,11.3
74,Haute-Savoie,2020,15-26,Part des diplômés d'un BAC+3  ou BAC+4 dans la pop. non scolarisée de 15 ans ou + 2020,11.4
74,Haute-Savoie,2020,15-26,Part des diplômés d'un BAC+2 dans la pop. non scolarisée de 15 ans ou + 2020,12.8
74,Haute-Savoie,2020,15-26,"Part des pers., dont le diplôme le plus élevé est le bac, dans la pop. non scolarisée de 15 ans ou + 2020",18.2
74,Haute-Savoie,2020,15-26,"Part des pers., dont le diplôme le plus élevé est un CAP ou un BEP, dans la pop. non scolarisée de 15 ans ou + 2020",25.2
74,Haute-Savoie,Âge,15-26,Âge,15-26
75,Paris,2020,15-26,Nb de pers. non scolarisées de 15 ans ou + 2020,1563175
75,Paris,2021,15-26,Part des élèves du privé parmi les élèves du second degré 2021,36.9
75,Paris,2020,15-26,Part des diplômés d'un BAC+5 ou plus dans la pop. non scolarisée de 15 ans ou + 2020,40.4
75,Paris,2020,15-26,Part des diplômés d'un BAC+3  ou BAC+4 dans la pop. non scolarisée de 15 ans ou + 2020,15.4
75,Paris,2020,15-26,Part des diplômés d'un BAC+2 dans la pop. non scolarisée de 15 ans ou + 2020,8.1
75,Paris,2020,15-26,"Part des pers., dont le diplôme le plus élevé est le bac, dans la pop. non scolarisée de 15 ans ou + 2020",12.4
75,Paris,2020,15-26,"Part des pers., dont le diplôme le plus élevé est un CAP ou un BEP, dans la pop. non scolarisée de 15 ans ou + 2020",7.9
75,Paris,Âge,15-26,Âge,15-26
76,Seine-Maritime,2020,15-26,Nb de pers. non scolarisées de 15 ans ou + 2020,914748
76,Seine-Maritime,2021,15-26,Part des élèves du privé parmi les élèves du second degré 2021,18.9
76,Seine-Maritime,2020,15-26,Part des diplômés d'un BAC+5 ou plus dans la pop. non scolarisée de 15 ans ou + 2020,7.7
76,Seine-Maritime,2020,15-26,Part des diplômés d'un BAC+3  ou BAC+4 dans la pop. non scolarisée de 15 ans ou + 2020,7.8
76,Seine-Maritime,2020,15-26,Part des diplômés d'un BAC+2 dans la pop. non scolarisée de 15 ans ou + 2020,10.5
76,Seine-Maritime,2020,15-26,"Part des pers., dont le diplôme le plus élevé est le bac, dans la pop. non scolarisée de 15 ans ou + 2020",16.6
76,Seine-Maritime,2020,15-26,"Part des pers., dont le diplôme le plus élevé est un CAP ou un BEP, dans la pop. non scolarisée de 15 ans ou + 2020",27.9
76,Seine-Maritime,Âge,15-26,Âge,15-26
77,Seine-et-Marne,2020,15-26,Nb de pers. non scolarisées de 15 ans ou + 2020,999753
77,Seine-et-Marne,2021,15-26,Part des élèves du privé parmi les élèves du second degré 2021,12.3
77,Seine-et-Marne,2020,15-26,Part des diplômés d'un BAC+5 ou plus dans la pop. non scolarisée de 15 ans ou + 2020,9.3
77,Seine-et-Marne,2020,15-26,Part des diplômés d'un BAC+3  ou BAC+4 dans la pop. non scolarisée de 15 ans ou + 2020,9.9
77,Seine-et-Marne,2020,15-26,Part des diplômés d'un BAC+2 dans la pop. non scolarisée de 15 ans ou + 2020,12.6
77,Seine-et-Marne,2020,15-26,"Part des pers., dont le diplôme le plus élevé est le bac, dans la pop. non scolarisée de 15 ans ou + 2020",19.5
77,Seine-et-Marne,2020,15-26,"Part des pers., dont le diplôme le plus élevé est un CAP ou un BEP, dans la pop. non scolarisée de 15 ans ou + 2020",23.4
77,Seine-et-Marne,Âge,15-26,Âge,15-26
78,Yvelines,2020,15-26,Nb de pers. non scolarisées de 15 ans ou + 2020,1010794
78,Yvelines,2021,15-26,Part des élèves du privé parmi les élèves du second degré 2021,19.6
78,Yvelines,2020,15-26,Part des diplômés d'un BAC+5 ou plus dans la pop. non scolarisée de 15 ans ou + 2020,21.5
78,Yvelines,2020,15-26,Part des diplômés d'un BAC+3  ou BAC+4 dans la pop. non scolarisée de 15 ans ou + 2020,12.3
78,Yvelines,2020,15-26,Part des diplômés d'un BAC+2 dans la pop. non scolarisée de 15 ans ou + 2020,12.7
78,Yvelines,2020,15-26,"Part des pers., dont le diplôme le plus élevé est le bac, dans la pop. non scolarisée de 15 ans ou + 2020",16.1
78,Yvelines,2020,15-26,"Part des pers., dont le diplôme le plus élevé est un CAP ou un BEP, dans la pop. non scolarisée de 15 ans ou + 2020",17.2
78,Yvelines,Âge,15-26,Âge,15-26
79,Deux-Sèvres,2020,15-26,Nb de pers. non scolarisées de 15 ans ou + 2020,286225
79,Deux-Sèvres,2021,15-26,Part des élèves du privé parmi les élèves du second degré 2021,23.6
79,Deux-Sèvres,2020,15-26,Part des diplômés d'un BAC+5 ou plus dans la pop. non scolarisée de 15 ans ou + 2020,5.8
79,Deux-Sèvres,2020,15-26,Part des diplômés d'un BAC+3  ou BAC+4 dans la pop. non scolarisée de 15 ans ou + 2020,7.5
79,Deux-Sèvres,2020,15-26,Part des diplômés d'un BAC+2 dans la pop. non scolarisée de 15 ans ou + 2020,11.2
79,Deux-Sèvres,2020,15-26,"Part des pers., dont le diplôme le plus élevé est le bac, dans la pop. non scolarisée de 15 ans ou + 2020",17.1
79,Deux-Sèvres,2020,15-26,"Part des pers., dont le diplôme le plus élevé est un CAP ou un BEP, dans la pop. non scolarisée de 15 ans ou + 2020",29.3
79,Deux-Sèvres,Âge,15-26,Âge,15-26
80,Somme,2020,15-26,Nb de pers. non scolarisées de 15 ans ou + 2020,414842
80,Somme,2021,15-26,Part des élèves du privé parmi les élèves du second degré 2021,22.6
80,Somme,2020,15-26,Part des diplômés d'un BAC+5 ou plus dans la pop. non scolarisée de 15 ans ou + 2020,6.6
80,Somme,2020,15-26,Part des diplômés d'un BAC+3  ou BAC+4 dans la pop. non scolarisée de 15 ans ou + 2020,7.5
80,Somme,2020,15-26,Part des diplômés d'un BAC+2 dans la pop. non scolarisée de 15 ans ou + 2020,10
80,Somme,2020,15-26,"Part des pers., dont le diplôme le plus élevé est le bac, dans la pop. non scolarisée de 15 ans ou + 2020",16.4
80,Somme,2020,15-26,"Part des pers., dont le diplôme le plus élevé est un CAP ou un BEP, dans la pop. non scolarisée de 15 ans ou + 2020",26.3
80,Somme,Âge,15-26,Âge,15-26
81,Tarn,2020,15-26,Nb de pers. non scolarisées de 15 ans ou + 2020,300366
81,Tarn,2021,15-26,Part des élèves du privé parmi les élèves du second degré 2021,20.7
81,Tarn,2020,15-26,Part des diplômés d'un BAC+5 ou plus dans la pop. non scolarisée de 15 ans ou + 2020,6.8
81,Tarn,2020,15-26,Part des diplômés d'un BAC+3  ou BAC+4 dans la pop. non scolarisée de 15 ans ou + 2020,9
81,Tarn,2020,15-26,Part des diplômés d'un BAC+2 dans la pop. non scolarisée de 15 ans ou + 2020,11.5
81,Tarn,2020,15-26,"Part des pers., dont le diplôme le plus élevé est le bac, dans la pop. non scolarisée de 15 ans ou + 2020",18.2
81,Tarn,2020,15-26,"Part des pers., dont le diplôme le plus élevé est un CAP ou un BEP, dans la pop. non scolarisée de 15 ans ou + 2020",26.2
81,Tarn,Âge,15-26,Âge,15-26
82,Tarn-et-Garonne,2020,15-26,Nb de pers. non scolarisées de 15 ans ou + 2020,196837
82,Tarn-et-Garonne,2021,15-26,Part des élèves du privé parmi les élèves du second degré 2021,17.2
82,Tarn-et-Garonne,2020,15-26,Part des diplômés d'un BAC+5 ou plus dans la pop. non scolarisée de 15 ans ou + 2020,5.9
82,Tarn-et-Garonne,2020,15-26,Part des diplômés d'un BAC+3  ou BAC+4 dans la pop. non scolarisée de 15 ans ou + 2020,8.2
82,Tarn-et-Garonne,2020,15-26,Part des diplômés d'un BAC+2 dans la pop. non scolarisée de 15 ans ou + 2020,11
82,Tarn-et-Garonne,2020,15-26,"Part des pers., dont le diplôme le plus élevé est le bac, dans la pop. non scolarisée de 15 ans ou + 2020",18.4
82,Tarn-et-Garonne,2020,15-26,"Part des pers., dont le diplôme le plus élevé est un CAP ou un BEP, dans la pop. non scolarisée de 15 ans ou + 2020",26.3
82,Tarn-et-Garonne,Âge,15-26,Âge,15-26
83,Var,2020,15-26,Nb de pers. non scolarisées de 15 ans ou + 2020,845033
83,Var,2021,15-26,Part des élèves du privé parmi les élèves du second degré 2021,13.5
83,Var,2020,15-26,Part des diplômés d'un BAC+5 ou plus dans la pop. non scolarisée de 15 ans ou + 2020,8.4
83,Var,2020,15-26,Part des diplômés d'un BAC+3  ou BAC+4 dans la pop. non scolarisée de 15 ans ou + 2020,9.2
83,Var,2020,15-26,Part des diplômés d'un BAC+2 dans la pop. non scolarisée de 15 ans ou + 2020,11.4
83,Var,2020,15-26,"Part des pers., dont le diplôme le plus élevé est le bac, dans la pop. non scolarisée de 15 ans ou + 2020",19.8
83,Var,2020,15-26,"Part des pers., dont le diplôme le plus élevé est un CAP ou un BEP, dans la pop. non scolarisée de 15 ans ou + 2020",24.8
83,Var,Âge,15-26,Âge,15-26
84,Vaucluse,2020,15-26,Nb de pers. non scolarisées de 15 ans ou + 2020,421788
84,Vaucluse,2021,15-26,Part des élèves du privé parmi les élèves du second degré 2021,20.8
84,Vaucluse,2020,15-26,Part des diplômés d'un BAC+5 ou plus dans la pop. non scolarisée de 15 ans ou + 2020,8.1
84,Vaucluse,2020,15-26,Part des diplômés d'un BAC+3  ou BAC+4 dans la pop. non scolarisée de 15 ans ou + 2020,9
84,Vaucluse,2020,15-26,Part des diplômés d'un BAC+2 dans la pop. non scolarisée de 15 ans ou + 2020,11
84,Vaucluse,2020,15-26,"Part des pers., dont le diplôme le plus élevé est le bac, dans la pop. non scolarisée de 15 ans ou + 2020",18
84,Vaucluse,2020,15-26,"Part des pers., dont le diplôme le plus élevé est un CAP ou un BEP, dans la pop. non scolarisée de 15 ans ou + 2020",24.8
84,Vaucluse,Âge,15-26,Âge,15-26
85,Vendée,2020,15-26,Nb de pers. non scolarisées de 15 ans ou + 2020,529906
85,Vendée,2021,15-26,Part des élèves du privé parmi les élèves du second degré 2021,52.1
85,Vendée,2020,15-26,Part des diplômés d'un BAC+5 ou plus dans la pop. non scolarisée de 15 ans ou + 2020,4.8
85,Vendée,2020,15-26,Part des diplômés d'un BAC+3  ou BAC+4 dans la pop. non scolarisée de 15 ans ou + 2020,7.2
85,Vendée,2020,15-26,Part des diplômés d'un BAC+2 dans la pop. non scolarisée de 15 ans ou + 2020,10.9
85,Vendée,2020,15-26,"Part des pers., dont le diplôme le plus élevé est le bac, dans la pop. non scolarisée de 15 ans ou + 2020",18.2
85,Vendée,2020,15-26,"Part des pers., dont le diplôme le plus élevé est un CAP ou un BEP, dans la pop. non scolarisée de 15 ans ou + 2020",31.6
85,Vendée,Âge,15-26,Âge,15-26
86,Vienne,2020,15-26,Nb de pers. non scolarisées de 15 ans ou + 2020,319696
86,Vienne,2021,15-26,Part des élèves du privé parmi les élèves du second degré 2021,19.9
86,Vienne,2020,15-26,Part des diplômés d'un BAC+5 ou plus dans la pop. non scolarisée de 15 ans ou + 2020,8.2
86,Vienne,2020,15-26,Part des diplômés d'un BAC+3  ou BAC+4 dans la pop. non scolarisée de 15 ans ou + 2020,8.8
86,Vienne,2020,15-26,Part des diplômés d'un BAC+2 dans la pop. non scolarisée de 15 ans ou + 2020,11.1
86,Vienne,2020,15-26,"Part des pers., dont le diplôme le plus élevé est le bac, dans la pop. non scolarisée de 15 ans ou + 2020",17.8
86,Vienne,2020,15-26,"Part des pers., dont le diplôme le plus élevé est un CAP ou un BEP, dans la pop. non scolarisée de 15 ans ou + 2020",27.4
86,Vienne,Âge,15-26,Âge,15-26
87,Haute-Vienne,2020,15-26,Nb de pers. non scolarisées de 15 ans ou + 2020,280704
87,Haute-Vienne,2021,15-26,Part des élèves du privé parmi les élèves du second degré 2021,10.8
87,Haute-Vienne,2020,15-26,Part des diplômés d'un BAC+5 ou plus dans la pop. non scolarisée de 15 ans ou + 2020,7.6
87,Haute-Vienne,2020,15-26,Part des diplômés d'un BAC+3  ou BAC+4 dans la pop. non scolarisée de 15 ans ou + 2020,9.3
87,Haute-Vienne,2020,15-26,Part des diplômés d'un BAC+2 dans la pop. non scolarisée de 15 ans ou + 2020,10.9
87,Haute-Vienne,2020,15-26,"Part des pers., dont le diplôme le plus élevé est le bac, dans la pop. non scolarisée de 15 ans ou + 2020",17.9
87,Haute-Vienne,2020,15-26,"Part des pers., dont le diplôme le plus élevé est un CAP ou un BEP, dans la pop. non scolarisée de 15 ans ou + 2020",26.5
87,Haute-Vienne,Âge,15-26,Âge,15-26
88,Vosges,2020,15-26,Nb de pers. non scolarisées de 15 ans ou + 2020,280883
88,Vosges,2021,15-26,Part des élèves du privé parmi les élèves du second degré 2021,13.8
88,Vosges,2020,15-26,Part des diplômés d'un BAC+5 ou plus dans la pop. non scolarisée de 15 ans ou + 2020,4.6
88,Vosges,2020,15-26,Part des diplômés d'un BAC+3  ou BAC+4 dans la pop. non scolarisée de 15 ans ou + 2020,6.7
88,Vosges,2020,15-26,Part des diplômés d'un BAC+2 dans la pop. non scolarisée de 15 ans ou + 2020,10.2
88,Vosges,2020,15-26,"Part des pers., dont le diplôme le plus élevé est le bac, dans la pop. non scolarisée de 15 ans ou + 2020",16.6
88,Vosges,2020,15-26,"Part des pers., dont le diplôme le plus élevé est un CAP ou un BEP, dans la pop. non scolarisée de 15 ans ou + 2020",29.8
88,Vosges,Âge,15-26,Âge,15-26
89,Yonne,2020,15-26,Nb de pers. non scolarisées de 15 ans ou + 2020,257609
89,Yonne,2021,15-26,Part des élèves du privé parmi les élèves du second degré 2021,12.2
89,Yonne,2020,15-26,Part des diplômés d'un BAC+5 ou plus dans la pop. non scolarisée de 15 ans ou + 2020,5.3
89,Yonne,2020,15-26,Part des diplômés d'un BAC+3  ou BAC+4 dans la pop. non scolarisée de 15 ans ou + 2020,6.7
89,Yonne,2020,15-26,Part des diplômés d'un BAC+2 dans la pop. non scolarisée de 15 ans ou + 2020,9.3
89,Yonne,2020,15-26,"Part des pers., dont le diplôme le plus élevé est le bac, dans la pop. non scolarisée de 15 ans ou + 2020",16.4
89,Yonne,2020,15-26,"Part des pers., dont le diplôme le plus élevé est un CAP ou un BEP, dans la pop. non scolarisée de 15 ans ou + 2020",30.5
89,Yonne,Âge,15-26,Âge,15-26
90,Territoire de Belfort,2020,15-26,Nb de pers. non scolarisées de 15 ans ou + 2020,103148
90,Territoire de Belfort,2021,15-26,Part des élèves du privé parmi les élèves du second degré 2021,18.9
90,Territoire de Belfort,2020,15-26,Part des diplômés d'un BAC+5 ou plus dans la pop. non scolarisée de 15 ans ou + 2020,9.3
90,Territoire de Belfort,2020,15-26,Part des diplômés d'un BAC+3  ou BAC+4 dans la pop. non scolarisée de 15 ans ou + 2020,8.5
90,Territoire de Belfort,2020,15-26,Part des diplômés d'un BAC+2 dans la pop. non scolarisée de 15 ans ou + 2020,11.3
90,Territoire de Belfort,2020,15-26,"Part des pers., dont le diplôme le plus élevé est le bac, dans la pop. non scolarisée de 15 ans ou + 2020",16.7
90,Territoire de Belfort,2020,15-26,"Part des pers., dont le diplôme le plus élevé est un CAP ou un BEP, dans la pop. non scolarisée de 15 ans ou + 2020",28
90,Territoire de Belfort,Âge,15-26,Âge,15-26
91,Essonne,2020,15-26,Nb de pers. non scolarisées de 15 ans ou + 2020,906036
91,Essonne,2021,15-26,Part des élèves du privé parmi les élèves du second degré 2021,13.6
91,Essonne,2020,15-26,Part des diplômés d'un BAC+5 ou plus dans la pop. non scolarisée de 15 ans ou + 2020,13.9
91,Essonne,2020,15-26,Part des diplômés d'un BAC+3  ou BAC+4 dans la pop. non scolarisée de 15 ans ou + 2020,10.8
91,Essonne,2020,15-26,Part des diplômés d'un BAC+2 dans la pop. non scolarisée de 15 ans ou + 2020,12.8
91,Essonne,2020,15-26,"Part des pers., dont le diplôme le plus élevé est le bac, dans la pop. non scolarisée de 15 ans ou + 2020",18.3
91,Essonne,2020,15-26,"Part des pers., dont le diplôme le plus élevé est un CAP ou un BEP, dans la pop. non scolarisée de 15 ans ou + 2020",20.3
91,Essonne,Âge,15-26,Âge,15-26
92,Hauts-de-Seine,2020,15-26,Nb de pers. non scolarisées de 15 ans ou + 2020,1141945
92,Hauts-de-Seine,2021,15-26,Part des élèves du privé parmi les élèves du second degré 2021,25.3
92,Hauts-de-Seine,2020,15-26,Part des diplômés d'un BAC+5 ou plus dans la pop. non scolarisée de 15 ans ou + 2020,32
92,Hauts-de-Seine,2020,15-26,Part des diplômés d'un BAC+3  ou BAC+4 dans la pop. non scolarisée de 15 ans ou + 2020,13.6
92,Hauts-de-Seine,2020,15-26,Part des diplômés d'un BAC+2 dans la pop. non scolarisée de 15 ans ou + 2020,10.5
92,Hauts-de-Seine,2020,15-26,"Part des pers., dont le diplôme le plus élevé est le bac, dans la pop. non scolarisée de 15 ans ou + 2020",14.1
92,Hauts-de-Seine,2020,15-26,"Part des pers., dont le diplôme le plus élevé est un CAP ou un BEP, dans la pop. non scolarisée de 15 ans ou + 2020",11.9
92,Hauts-de-Seine,Âge,15-26,Âge,15-26
93,Seine-Saint-Denis,2020,15-26,Nb de pers. non scolarisées de 15 ans ou + 2020,1112210
93,Seine-Saint-Denis,2021,15-26,Part des élèves du privé parmi les élèves du second degré 2021,13.2
93,Seine-Saint-Denis,2020,15-26,Part des diplômés d'un BAC+5 ou plus dans la pop. non scolarisée de 15 ans ou + 2020,10.8
93,Seine-Saint-Denis,2020,15-26,Part des diplômés d'un BAC+3  ou BAC+4 dans la pop. non scolarisée de 15 ans ou + 2020,9.2
93,Seine-Saint-Denis,2020,15-26,Part des diplômés d'un BAC+2 dans la pop. non scolarisée de 15 ans ou + 2020,9.4
93,Seine-Saint-Denis,2020,15-26,"Part des pers., dont le diplôme le plus élevé est le bac, dans la pop. non scolarisée de 15 ans ou + 2020",17.8
93,Seine-Saint-Denis,2020,15-26,"Part des pers., dont le diplôme le plus élevé est un CAP ou un BEP, dans la pop. non scolarisée de 15 ans ou + 2020",17.8
93,Seine-Saint-Denis,Âge,15-26,Âge,15-26
94,Val-de-Marne,2020,15-26,Nb de pers. non scolarisées de 15 ans ou + 2020,978399
94,Val-de-Marne,2021,15-26,Part des élèves du privé parmi les élèves du second degré 2021,15.6
94,Val-de-Marne,2020,15-26,Part des diplômés d'un BAC+5 ou plus dans la pop. non scolarisée de 15 ans ou + 2020,18.7
94,Val-de-Marne,2020,15-26,Part des diplômés d'un BAC+3  ou BAC+4 dans la pop. non scolarisée de 15 ans ou + 2020,12.1
94,Val-de-Marne,2020,15-26,Part des diplômés d'un BAC+2 dans la pop. non scolarisée de 15 ans ou + 2020,11.2
94,Val-de-Marne,2020,15-26,"Part des pers., dont le diplôme le plus élevé est le bac, dans la pop. non scolarisée de 15 ans ou + 2020",17
94,Val-de-Marne,2020,15-26,"Part des pers., dont le diplôme le plus élevé est un CAP ou un BEP, dans la pop. non scolarisée de 15 ans ou + 2020",16.4
94,Val-de-Marne,Âge,15-26,Âge,15-26
95,Val-d'Oise,2020,15-26,Nb de pers. non scolarisées de 15 ans ou + 2020,852868
95,Val-d'Oise,2021,15-26,Part des élèves du privé parmi les élèves du second degré 2021,14.6
95,Val-d'Oise,2020,15-26,Part des diplômés d'un BAC+5 ou plus dans la pop. non scolarisée de 15 ans ou + 2020,11.6
95,Val-d'Oise,2020,15-26,Part des diplômés d'un BAC+3  ou BAC+4 dans la pop. non scolarisée de 15 ans ou + 2020,10.4
95,Val-d'Oise,2020,15-26,Part des diplômés d'un BAC+2 dans la pop. non scolarisée de 15 ans ou + 2020,12.2
95,Val-d'Oise,2020,15-26,"Part des pers., dont le diplôme le plus élevé est le bac, dans la pop. non scolarisée de 15 ans ou + 2020",18.4
95,Val-d'Oise,2020,15-26,"Part des pers., dont le diplôme le plus élevé est un CAP ou un BEP, dans la pop. non scolarisée de 15 ans ou + 2020",20.9
95,Val-d'Oise,Âge,15-26,Âge,15-26
971,Guadeloupe,2020,15-26,Nb de pers. non scolarisées de 15 ans ou + 2020,283923
971,Guadeloupe,2021,15-26,Part des élèves du privé parmi les élèves du second degré 2021,11.1
971,Guadeloupe,2020,15-26,Part des diplômés d'un BAC+5 ou plus dans la pop. non scolarisée de 15 ans ou + 2020,6
971,Guadeloupe,2020,15-26,Part des diplômés d'un BAC+3  ou BAC+4 dans la pop. non scolarisée de 15 ans ou + 2020,7.4
971,Guadeloupe,2020,15-26,Part des diplômés d'un BAC+2 dans la pop. non scolarisée de 15 ans ou + 2020,9.1
971,Guadeloupe,2020,15-26,"Part des pers., dont le diplôme le plus élevé est le bac, dans la pop. non scolarisée de 15 ans ou + 2020",17.7
971,Guadeloupe,2020,15-26,"Part des pers., dont le diplôme le plus élevé est un CAP ou un BEP, dans la pop. non scolarisée de 15 ans ou + 2020",20.7
971,Guadeloupe,Âge,15-26,Âge,15-26
972,Martinique,2020,15-26,Nb de pers. non scolarisées de 15 ans ou + 2020,275923
972,Martinique,2021,15-26,Part des élèves du privé parmi les élèves du second degré 2021,13.7
972,Martinique,2020,15-26,Part des diplômés d'un BAC+5 ou plus dans la pop. non scolarisée de 15 ans ou + 2020,7
972,Martinique,2020,15-26,Part des diplômés d'un BAC+3  ou BAC+4 dans la pop. non scolarisée de 15 ans ou + 2020,7.9
972,Martinique,2020,15-26,Part des diplômés d'un BAC+2 dans la pop. non scolarisée de 15 ans ou + 2020,9
972,Martinique,2020,15-26,"Part des pers., dont le diplôme le plus élevé est le bac, dans la pop. non scolarisée de 15 ans ou + 2020",17.8
972,Martinique,2020,15-26,"Part des pers., dont le diplôme le plus élevé est un CAP ou un BEP, dans la pop. non scolarisée de 15 ans ou + 2020",20.6
972,Martinique,Âge,15-26,Âge,15-26
973,Guyane,2020,15-26,Nb de pers. non scolarisées de 15 ans ou + 2020,164254
973,Guyane,2021,15-26,Part des élèves du privé parmi les élèves du second degré 2021,8.1
973,Guyane,2020,15-26,Part des diplômés d'un BAC+5 ou plus dans la pop. non scolarisée de 15 ans ou + 2020,6.3
973,Guyane,2020,15-26,Part des diplômés d'un BAC+3  ou BAC+4 dans la pop. non scolarisée de 15 ans ou + 2020,6.5
973,Guyane,2020,15-26,Part des diplômés d'un BAC+2 dans la pop. non scolarisée de 15 ans ou + 2020,6.1
973,Guyane,2020,15-26,"Part des pers., dont le diplôme le plus élevé est le bac, dans la pop. non scolarisée de 15 ans ou + 2020",14.4
973,Guyane,2020,15-26,"Part des pers., dont le diplôme le plus élevé est un CAP ou un BEP, dans la pop. non scolarisée de 15 ans ou + 2020",16.5
973,Guyane,Âge,15-26,Âge,15-26
974,La Réunion,2020,15-26,Nb de pers. non scolarisées de 15 ans ou + 2020,594394
974,La Réunion,2021,15-26,Part des élèves du privé parmi les élèves du second degré 2021,8.1
974,La Réunion,2020,15-26,Part des diplômés d'un BAC+5 ou plus dans la pop. non scolarisée de 15 ans ou + 2020,5.9
974,La Réunion,2020,15-26,Part des diplômés d'un BAC+3  ou BAC+4 dans la pop. non scolarisée de 15 ans ou + 2020,7.2
974,La Réunion,2020,15-26,Part des diplômés d'un BAC+2 dans la pop. non scolarisée de 15 ans ou + 2020,7.9
974,La Réunion,2020,15-26,"Part des pers., dont le diplôme le plus élevé est le bac, dans la pop. non scolarisée de 15 ans ou + 2020",16.7
974,La Réunion,2020,15-26,"Part des pers., dont le diplôme le plus élevé est un CAP ou un BEP, dans la pop. non scolarisée de 15 ans ou + 2020",20.3
974,La Réunion,Âge,15-26,Âge,15-26
976,Mayotte,2020,15-26,Nb de pers. non scolarisées de 15 ans ou + 2020,N/A - résultat non disponible
976,Mayotte,2021,15-26,Part des élèves du privé parmi les élèves du second degré 2021,0.7
976,Mayotte,2020,15-26,Part des diplômés d'un BAC+5 ou plus dans la pop. non scolarisée de 15 ans ou + 2020,N/A - résultat non disponible
976,Mayotte,2020,15-26,Part des diplômés d'un BAC+3  ou BAC+4 dans la pop. non scolarisée de 15 ans ou + 2020,N/A - résultat non disponible
976,Mayotte,2020,15-26,Part des diplômés d'un BAC+2 dans la pop. non scolarisée de 15 ans ou + 2020,N/A - résultat non disponible
976,Mayotte,2020,15-26,"Part des pers., dont le diplôme le plus élevé est le bac, dans la pop. non scolarisée de 15 ans ou + 2020",N/A - résultat non disponible
976,Mayotte,2020,15-26,"Part des pers., dont le diplôme le plus élevé est un CAP ou un BEP, dans la pop. non scolarisée de 15 ans ou + 2020",N/A - résultat non disponible
976,Mayotte,Âge,15-26,Âge,15-26
